,sym_1,sym_2,p_value,t_value,c_value,hedge_ratio,zero_crossings
966,TRBUSDT,DARUSDT,0.0,-6.22,-3.37,99.97,54
530,REQUSDT,AKROUSDT,0.0,-4.42,-3.37,29.29,52
1183,XMRUSDT,SWEATUSDT,0.0,-4.78,-3.37,14196.61,48
71,1000XECUSDT,CELUSDT,0.0,-4.35,-3.37,0.05,46
222,API3USDT,ACHUSDT,0.01,-3.89,-3.37,150.96,46
546,REQUSDT,SUNUSDT,0.0,-4.97,-3.37,17.51,46
1014,TRXUSDT,AGLDUSDT,0.0,-4.94,-3.37,0.2,46
445,IOTAUSDT,1000BTTUSDT,0.0,-4.74,-3.37,288.94,45
643,SCUSDT,CEEKUSDT,0.02,-3.74,-3.37,0.03,45
644,SCUSDT,CELUSDT,0.0,-4.86,-3.37,0.0,44
852,SUNUSDT,AKROUSDT,0.0,-5.37,-3.37,1.67,44
1005,TRBUSDT,REEFUSDT,0.01,-3.87,-3.37,5155.76,43
1079,UNIUSDT,FLMUSDT,0.0,-4.19,-3.37,70.46,43
54,10000NFTUSDT,XLMUSDT,0.0,-4.44,-3.37,0.05,43
677,SCUSDT,REEFUSDT,0.0,-6.27,-3.37,0.96,43
699,SFPUSDT,ETHWUSDT,0.0,-5.44,-3.37,0.12,42
682,SCUSDT,STXUSDT,0.0,-4.18,-3.37,0.01,42
470,LINAUSDT,CELUSDT,0.02,-3.74,-3.37,0.01,41
1075,UNIUSDT,DOGEUSDT,0.0,-4.71,-3.37,76.03,41
951,TRBUSDT,ARPAUSDT,0.0,-5.21,-3.37,463.32,41
973,TRBUSDT,ENSUSDT,0.0,-4.23,-3.37,1.09,41
737,SHIB1000USDT,CEEKUSDT,0.01,-3.84,-3.37,0.1,41
918,SXPUSDT,CEEKUSDT,0.02,-3.75,-3.37,2.66,41
471,LINKUSDT,1000BTTUSDT,0.0,-4.2,-3.37,9357.73,40
1008,TRBUSDT,RSS3USDT,0.01,-4.06,-3.37,121.28,40
193,ADAUSDT,MKRUSDT,0.0,-5.74,-3.37,0.0,40
1090,UNIUSDT,SKLUSDT,0.0,-4.33,-3.37,231.63,39
1071,UNIUSDT,CEEKUSDT,0.01,-3.79,-3.37,66.99,39
1221,ZILUSDT,RSS3USDT,0.01,-3.96,-3.37,0.21,39
114,ADAUSDT,API3USDT,0.0,-4.14,-3.37,0.25,38
949,TRBUSDT,API3USDT,0.0,-4.26,-3.37,10.82,38
106,ADAUSDT,ACHUSDT,0.0,-4.94,-3.37,38.24,38
1046,TWTUSDT,10000NFTUSDT,0.02,-3.72,-3.37,344.11,38
3,10000NFTUSDT,AKROUSDT,0.0,-5.52,-3.37,1.36,38
659,SCUSDT,GRTUSDT,0.03,-3.56,-3.37,0.03,38
551,RSS3USDT,ACHUSDT,0.0,-4.25,-3.37,13.47,37
549,RSS3USDT,1000LUNCUSDT,0.0,-4.83,-3.37,0.68,37
1195,ZENUSDT,GALUSDT,0.02,-3.73,-3.37,6.94,37
1074,UNIUSDT,CTSIUSDT,0.04,-3.39,-3.37,51.16,37
1032,TRXUSDT,EGLDUSDT,0.0,-4.77,-3.37,0.0,37
665,SCUSDT,IOTAUSDT,0.0,-4.13,-3.37,0.01,37
887,SWEATUSDT,BNBUSDT,0.04,-3.44,-3.37,0.0,37
891,SWEATUSDT,DUSKUSDT,0.03,-3.56,-3.37,0.12,37
633,SCUSDT,1INCHUSDT,0.04,-3.44,-3.37,0.01,37
130,ADAUSDT,BOBAUSDT,0.0,-4.47,-3.37,1.71,36
983,TRBUSDT,GTCUSDT,0.0,-4.14,-3.37,9.32,36
937,SXPUSDT,MTLUSDT,0.01,-3.93,-3.37,0.3,36
1148,WAVESUSDT,HNTUSDT,0.0,-4.22,-3.37,0.79,36
1072,UNIUSDT,CELUSDT,0.03,-3.57,-3.37,10.65,35
714,SHIB1000USDT,ACHUSDT,0.02,-3.72,-3.37,1.1,35
580,RUNEUSDT,GLMRUSDT,0.01,-3.91,-3.37,4.35,35
668,SCUSDT,KAVAUSDT,0.04,-3.38,-3.37,0.0,35
1085,UNIUSDT,MATICUSDT,0.05,-3.37,-3.37,6.71,35
896,SXPUSDT,1000XECUSDT,0.04,-3.41,-3.37,8.92,35
1026,TRXUSDT,CEEKUSDT,0.01,-4.04,-3.37,0.64,35
267,CELOUSDT,FITFIUSDT,0.02,-3.77,-3.37,22.35,35
760,SHIB1000USDT,HOTUSDT,0.01,-4.09,-3.37,5.64,35
883,SWEATUSDT,1000LUNCUSDT,0.04,-3.43,-3.37,0.07,35
976,TRBUSDT,FITFIUSDT,0.02,-3.67,-3.37,535.64,35
641,SCUSDT,BATUSDT,0.0,-4.18,-3.37,0.01,35
1197,ZENUSDT,GRTUSDT,0.02,-3.76,-3.37,125.37,35
994,TRBUSDT,LINAUSDT,0.04,-3.46,-3.37,2370.97,35
943,TRBUSDT,ACHUSDT,0.0,-5.16,-3.37,1633.82,35
636,SCUSDT,ALGOUSDT,0.02,-3.73,-3.37,0.01,35
675,SCUSDT,ONTUSDT,0.05,-3.37,-3.37,0.01,35
925,SXPUSDT,ETHUSDT,0.01,-3.97,-3.37,0.0,34
210,APEUSDT,ASTRUSDT,0.04,-3.43,-3.37,114.59,34
282,CELRUSDT,AAVEUSDT,0.02,-3.64,-3.37,0.0,34
687,SFPUSDT,1000LUNCUSDT,0.0,-4.45,-3.37,2.52,34
1078,UNIUSDT,EGLDUSDT,0.0,-4.4,-3.37,0.16,34
749,SHIB1000USDT,DYDXUSDT,0.03,-3.56,-3.37,0.01,34
447,JSTUSDT,1000BTTUSDT,0.01,-3.79,-3.37,32.42,33
998,TRBUSDT,MTLUSDT,0.03,-3.5,-3.37,17.73,33
808,SNXUSDT,ICPUSDT,0.0,-4.69,-3.37,0.42,33
1065,UNIUSDT,BALUSDT,0.03,-3.55,-3.37,1.01,33
1081,UNIUSDT,GTCUSDT,0.03,-3.58,-3.37,4.03,33
200,AGLDUSDT,1000BTTUSDT,0.0,-4.95,-3.37,433.0,33
786,SNXUSDT,CELUSDT,0.04,-3.43,-3.37,3.32,33
1001,TRBUSDT,ONTUSDT,0.01,-4.06,-3.37,78.2,33
684,SCUSDT,TRBUSDT,0.0,-4.29,-3.37,0.0,33
255,BLZUSDT,ACHUSDT,0.0,-5.64,-3.37,6.88,33
208,ANTUSDT,ACHUSDT,0.02,-3.63,-3.37,284.13,33
708,SFPUSDT,RSS3USDT,0.0,-4.42,-3.37,3.69,33
942,TRBUSDT,1INCHUSDT,0.01,-3.79,-3.37,31.33,33
239,BAKEUSDT,1000BTTUSDT,0.01,-3.83,-3.37,230.33,33
1004,TRBUSDT,QTUMUSDT,0.01,-3.78,-3.37,6.39,33
403,CTSIUSDT,1000BTTUSDT,0.02,-3.64,-3.37,174.9,33
443,INJUSDT,ACHUSDT,0.0,-4.51,-3.37,175.5,33
1208,ZILUSDT,BOBAUSDT,0.02,-3.66,-3.37,0.13,33
783,SNXUSDT,CEEKUSDT,0.04,-3.4,-3.37,20.87,32
243,BAKEUSDT,ACHUSDT,0.02,-3.73,-3.37,18.21,32
134,ADAUSDT,CEEKUSDT,0.0,-4.24,-3.37,3.62,32
101,ADAUSDT,1000BTTUSDT,0.01,-4.0,-3.37,483.79,32
968,TRBUSDT,DGBUSDT,0.04,-3.46,-3.37,1529.41,32
1034,TRXUSDT,ETHWUSDT,0.0,-4.46,-3.37,0.02,32
108,ADAUSDT,AKROUSDT,0.01,-3.85,-3.37,102.44,32
151,ADAUSDT,DYDXUSDT,0.01,-4.02,-3.37,0.23,32
703,SFPUSDT,LDOUSDT,0.04,-3.44,-3.37,0.21,32
1092,UNIUSDT,UNFIUSDT,0.01,-3.84,-3.37,1.41,32
1202,ZENUSDT,RENUSDT,0.04,-3.39,-3.37,129.53,32
948,TRBUSDT,ANTUSDT,0.01,-3.96,-3.37,5.75,32
750,SHIB1000USDT,EGLDUSDT,0.02,-3.68,-3.37,0.0,31
579,RUNEUSDT,GALUSDT,0.03,-3.47,-3.37,1.15,31
270,CELOUSDT,LUNA2USDT,0.0,-4.66,-3.37,0.35,31
186,ADAUSDT,LINKUSDT,0.0,-4.35,-3.37,0.05,31
182,ADAUSDT,KLAYUSDT,0.02,-3.71,-3.37,1.82,31
1086,UNIUSDT,MKRUSDT,0.01,-3.89,-3.37,0.01,31
1007,TRBUSDT,RSRUSDT,0.0,-4.91,-3.37,3956.96,31
1003,TRBUSDT,PEOPLEUSDT,0.02,-3.61,-3.37,576.72,31
732,SHIB1000USDT,BELUSDT,0.0,-4.7,-3.37,0.02,31
1204,ZENUSDT,ROSEUSDT,0.02,-3.68,-3.37,219.42,31
67,1000XECUSDT,ARUSDT,0.01,-3.77,-3.37,0.0,31
1051,TWTUSDT,ACHUSDT,0.0,-4.49,-3.37,174.33,31
1219,ZILUSDT,LDOUSDT,0.0,-4.29,-3.37,0.01,31
928,SXPUSDT,GTCUSDT,0.02,-3.73,-3.37,0.16,31
635,SCUSDT,ACHUSDT,0.03,-3.51,-3.37,0.3,31
661,SCUSDT,HOTUSDT,0.03,-3.54,-3.37,1.56,31
474,LOOKSUSDT,CELOUSDT,0.03,-3.54,-3.37,0.3,31
1064,UNIUSDT,BAKEUSDT,0.04,-3.42,-3.37,38.85,31
992,TRBUSDT,KAVAUSDT,0.03,-3.53,-3.37,18.29,31
893,SWEATUSDT,KLAYUSDT,0.01,-4.06,-3.37,0.06,31
678,SCUSDT,RSRUSDT,0.01,-3.91,-3.37,0.74,31
285,CHRUSDT,ACHUSDT,0.01,-3.8,-3.37,14.98,31
609,SANDUSDT,JASMYUSDT,0.0,-5.03,-3.37,132.82,31
528,REQUSDT,1000BTTUSDT,0.02,-3.77,-3.37,138.3,31
804,SNXUSDT,GRTUSDT,0.0,-4.71,-3.37,25.29,31
986,TRBUSDT,HOTUSDT,0.0,-5.52,-3.37,8340.14,31
289,CKBUSDT,1000LUNCUSDT,0.01,-3.8,-3.37,0.02,31
818,SNXUSDT,LUNA2USDT,0.0,-4.14,-3.37,1.14,31
616,SANDUSDT,RNDRUSDT,0.03,-3.55,-3.37,1.17,31
527,PEOPLEUSDT,CEEKUSDT,0.03,-3.52,-3.37,0.27,30
735,SHIB1000USDT,BTCUSDT,0.03,-3.52,-3.37,0.0,30
95,1000XECUSDT,XEMUSDT,0.02,-3.65,-3.37,0.82,30
85,1000XECUSDT,MATICUSDT,0.0,-4.83,-3.37,0.03,30
1,10000NFTUSDT,1000LUNCUSDT,0.05,-3.37,-3.37,0.03,30
554,RSS3USDT,ANTUSDT,0.02,-3.64,-3.37,0.05,30
920,SXPUSDT,CHZUSDT,0.0,-6.52,-3.37,1.93,30
167,ADAUSDT,GTCUSDT,0.01,-3.89,-3.37,0.22,30
450,JSTUSDT,ACHUSDT,0.01,-3.8,-3.37,2.56,30
68,1000XECUSDT,BALUSDT,0.01,-3.86,-3.37,0.0,30
1157,WAVESUSDT,ONEUSDT,0.0,-4.22,-3.37,128.6,30
217,APEUSDT,RSS3USDT,0.03,-3.58,-3.37,41.9,30
960,TRBUSDT,CELUSDT,0.01,-4.07,-3.37,24.61,30
1035,TRXUSDT,FLMUSDT,0.02,-3.61,-3.37,0.67,30
1191,ZENUSDT,CELUSDT,0.04,-3.4,-3.37,16.45,30
187,ADAUSDT,LITUSDT,0.0,-4.11,-3.37,0.4,30
801,SNXUSDT,GALUSDT,0.0,-4.69,-3.37,1.4,30
552,RSS3USDT,ADAUSDT,0.05,-3.37,-3.37,0.35,30
1022,TRXUSDT,BELUSDT,0.0,-4.53,-3.37,0.13,29
81,1000XECUSDT,IOSTUSDT,0.0,-4.25,-3.37,3.24,29
754,SHIB1000USDT,ETHWUSDT,0.02,-3.74,-3.37,0.0,29
221,API3USDT,1INCHUSDT,0.01,-3.89,-3.37,2.9,29
649,SCUSDT,DENTUSDT,0.02,-3.66,-3.37,3.37,29
212,APEUSDT,BNXUSDT,0.04,-3.41,-3.37,0.07,29
446,IOTAUSDT,1000LUNCUSDT,0.04,-3.43,-3.37,1.16,29
509,LUNA2USDT,C98USDT,0.03,-3.58,-3.37,8.49,29
465,LINAUSDT,ARPAUSDT,0.02,-3.74,-3.37,0.2,29
61,1000XECUSDT,1INCHUSDT,0.04,-3.45,-3.37,0.06,29
693,SFPUSDT,ASTRUSDT,0.02,-3.69,-3.37,10.08,29
102,ADAUSDT,1000LUNCUSDT,0.01,-4.01,-3.37,1.94,29
835,SOLUSDT,OPUSDT,0.01,-4.03,-3.37,12.72,29
753,SHIB1000USDT,ETHUSDT,0.02,-3.69,-3.37,0.0,29
462,LINAUSDT,ACHUSDT,0.0,-4.24,-3.37,0.69,29
1214,ZILUSDT,GALAUSDT,0.01,-4.06,-3.37,0.57,28
911,SXPUSDT,BAKEUSDT,0.01,-3.89,-3.37,1.54,28
214,APEUSDT,CTCUSDT,0.03,-3.54,-3.37,8.95,28
906,SXPUSDT,API3USDT,0.03,-3.58,-3.37,0.19,28
913,SXPUSDT,BELUSDT,0.0,-4.78,-3.37,0.53,28
720,SHIB1000USDT,ANTUSDT,0.02,-3.7,-3.37,0.0,28
941,TRBUSDT,1000XECUSDT,0.04,-3.39,-3.37,518.74,28
11,10000NFTUSDT,BOBAUSDT,0.0,-4.16,-3.37,0.02,28
757,SHIB1000USDT,GLMRUSDT,0.03,-3.56,-3.37,0.03,28
970,TRBUSDT,DYDXUSDT,0.04,-3.39,-3.37,10.03,28
648,SCUSDT,DARUSDT,0.01,-3.79,-3.37,0.02,28
87,1000XECUSDT,ONTUSDT,0.0,-4.31,-3.37,0.15,28
987,TRBUSDT,ICXUSDT,0.0,-4.52,-3.37,82.08,28
113,ADAUSDT,ANTUSDT,0.0,-4.11,-3.37,0.13,28
80,1000XECUSDT,ICXUSDT,0.0,-4.18,-3.37,0.16,28
279,CELOUSDT,YGGUSDT,0.01,-3.95,-3.37,2.74,28
956,TRBUSDT,BATUSDT,0.01,-3.96,-3.37,67.77,28
416,EOSUSDT,1000BTTUSDT,0.01,-4.07,-3.37,1447.66,28
662,SCUSDT,ICPUSDT,0.01,-3.89,-3.37,0.0,28
702,SFPUSDT,KDAUSDT,0.03,-3.52,-3.37,0.42,28
923,SXPUSDT,DYDXUSDT,0.0,-4.45,-3.37,0.17,28
850,SUNUSDT,ACHUSDT,0.01,-4.1,-3.37,0.62,28
999,TRBUSDT,OGNUSDT,0.0,-5.4,-3.37,133.87,27
228,ARPAUSDT,1INCHUSDT,0.01,-3.81,-3.37,0.07,27
1182,XMRUSDT,LTCUSDT,0.04,-3.41,-3.37,1.98,27
1179,WOOUSDT,RSRUSDT,0.03,-3.51,-3.37,48.11,27
517,OMGUSDT,1000BTTUSDT,0.01,-4.04,-3.37,1774.72,27
506,LUNA2USDT,AUDIOUSDT,0.0,-4.23,-3.37,9.89,27
901,SXPUSDT,AGLDUSDT,0.0,-4.47,-3.37,0.82,27
230,ARPAUSDT,ACHUSDT,0.0,-5.25,-3.37,3.53,27
899,SXPUSDT,ACHUSDT,0.0,-4.31,-3.37,28.09,27
1033,TRXUSDT,ENSUSDT,0.02,-3.76,-3.37,0.0,27
955,TRBUSDT,BALUSDT,0.03,-3.56,-3.37,2.33,27
1205,ZILUSDT,1000LUNCUSDT,0.02,-3.76,-3.37,0.14,27
880,SUNUSDT,MKRUSDT,0.04,-3.39,-3.37,0.0,27
1217,ZILUSDT,KAVAUSDT,0.04,-3.4,-3.37,0.03,27
468,LINAUSDT,BOBAUSDT,0.01,-3.96,-3.37,0.03,27
457,LDOUSDT,1000LUNCUSDT,0.0,-4.36,-3.37,11.81,27
2,10000NFTUSDT,ACHUSDT,0.0,-5.02,-3.37,0.51,27
710,SFPUSDT,TWTUSDT,0.0,-4.2,-3.37,0.28,27
567,RUNEUSDT,CEEKUSDT,0.04,-3.44,-3.37,17.2,27
791,SNXUSDT,CVCUSDT,0.04,-3.46,-3.37,21.23,27
1141,WAVESUSDT,COMPUSDT,0.04,-3.45,-3.37,0.04,27
7,10000NFTUSDT,ASTRUSDT,0.0,-4.25,-3.37,0.1,27
107,ADAUSDT,AGLDUSDT,0.0,-4.28,-3.37,1.12,26
919,SXPUSDT,CELUSDT,0.01,-4.06,-3.37,0.42,26
627,SCRTUSDT,BICOUSDT,0.02,-3.73,-3.37,2.36,26
652,SCUSDT,ETHUSDT,0.03,-3.55,-3.37,0.0,26
663,SCUSDT,ICXUSDT,0.0,-5.64,-3.37,0.02,26
847,STMXUSDT,AUDIOUSDT,0.04,-3.46,-3.37,0.03,26
982,TRBUSDT,GMXUSDT,0.04,-3.41,-3.37,0.3,26
964,TRBUSDT,CTSIUSDT,0.03,-3.56,-3.37,118.17,26
922,SXPUSDT,DARUSDT,0.01,-3.87,-3.37,1.72,26
742,SHIB1000USDT,CROUSDT,0.01,-3.87,-3.37,0.14,26
472,LITUSDT,1000BTTUSDT,0.04,-3.44,-3.37,1220.29,26
739,SHIB1000USDT,CELUSDT,0.03,-3.52,-3.37,0.02,26
721,SHIB1000USDT,API3USDT,0.03,-3.54,-3.37,0.01,26
1069,UNIUSDT,BOBAUSDT,0.0,-4.95,-3.37,31.62,26
740,SHIB1000USDT,CHRUSDT,0.03,-3.57,-3.37,0.07,26
884,SWEATUSDT,ASTRUSDT,0.03,-3.52,-3.37,0.28,26
196,ADAUSDT,NEOUSDT,0.0,-4.5,-3.37,0.05,26
756,SHIB1000USDT,FLMUSDT,0.01,-3.79,-3.37,0.11,26
219,APEUSDT,XNOUSDT,0.03,-3.47,-3.37,6.43,26
888,SWEATUSDT,BSWUSDT,0.0,-4.36,-3.37,0.06,26
1171,WOOUSDT,FITFIUSDT,0.03,-3.59,-3.37,6.51,26
92,1000XECUSDT,STXUSDT,0.0,-4.86,-3.37,0.11,26
218,APEUSDT,TWTUSDT,0.01,-3.83,-3.37,3.24,26
263,C98USDT,AAVEUSDT,0.01,-4.03,-3.37,0.0,25
747,SHIB1000USDT,DODOUSDT,0.01,-3.81,-3.37,0.09,25
698,SFPUSDT,ENSUSDT,0.02,-3.64,-3.37,0.03,25
984,TRBUSDT,HBARUSDT,0.01,-4.0,-3.37,297.92,25
22,10000NFTUSDT,ETHWUSDT,0.01,-3.87,-3.37,0.0,25
319,CKBUSDT,BSWUSDT,0.04,-3.44,-3.37,0.02,25
23,10000NFTUSDT,FITFIUSDT,0.02,-3.6,-3.37,0.17,25
1082,UNIUSDT,HBARUSDT,0.01,-4.05,-3.37,128.96,25
945,TRBUSDT,AGLDUSDT,0.0,-4.32,-3.37,47.73,25
514,OGNUSDT,1INCHUSDT,0.0,-4.78,-3.37,0.23,25
1089,UNIUSDT,SHIB1000USDT,0.04,-3.39,-3.37,640.05,25
752,SHIB1000USDT,ENSUSDT,0.0,-4.25,-3.37,0.0,25
79,1000XECUSDT,HBARUSDT,0.02,-3.65,-3.37,0.57,25
88,1000XECUSDT,QTUMUSDT,0.0,-4.38,-3.37,0.01,25
1177,WOOUSDT,REEFUSDT,0.03,-3.53,-3.37,62.68,25
1209,ZILUSDT,CEEKUSDT,0.04,-3.45,-3.37,0.27,25
1161,WOOUSDT,ARPAUSDT,0.04,-3.39,-3.37,5.63,25
894,SWEATUSDT,LINKUSDT,0.02,-3.68,-3.37,0.0,25
1213,ZILUSDT,ETHWUSDT,0.04,-3.44,-3.37,0.01,25
975,TRBUSDT,ETHWUSDT,0.0,-4.89,-3.37,4.0,25
205,ANTUSDT,1000BTTUSDT,0.02,-3.67,-3.37,3594.22,25
1044,TRXUSDT,NEOUSDT,0.0,-4.52,-3.37,0.01,25
764,SHIB1000USDT,MATICUSDT,0.0,-4.24,-3.37,0.01,25
1088,UNIUSDT,QTUMUSDT,0.03,-3.58,-3.37,2.77,25
881,SUNUSDT,NEOUSDT,0.04,-3.43,-3.37,0.0,25
723,SHIB1000USDT,ARPAUSDT,0.02,-3.75,-3.37,0.31,25
726,SHIB1000USDT,AUDIOUSDT,0.02,-3.74,-3.37,0.06,25
989,TRBUSDT,IOSTUSDT,0.01,-4.09,-3.37,1681.29,25
502,LTCUSDT,SWEATUSDT,0.03,-3.47,-3.37,7154.49,25
653,SCUSDT,ETHWUSDT,0.04,-3.43,-3.37,0.0,25
1024,TRXUSDT,BOBAUSDT,0.01,-3.79,-3.37,0.3,25
1067,UNIUSDT,BELUSDT,0.01,-3.95,-3.37,13.22,25
642,SCUSDT,BOBAUSDT,0.04,-3.43,-3.37,0.01,25
548,REQUSDT,XLMUSDT,0.03,-3.53,-3.37,1.14,25
680,SCUSDT,STGUSDT,0.0,-4.19,-3.37,0.01,24
456,LDOUSDT,1000BTTUSDT,0.01,-3.94,-3.37,2945.82,24
844,STMXUSDT,ALPHAUSDT,0.02,-3.75,-3.37,0.05,24
1167,WOOUSDT,CVCUSDT,0.01,-3.91,-3.37,1.91,24
158,ADAUSDT,ETHWUSDT,0.0,-4.17,-3.37,0.09,24
127,ADAUSDT,BICOUSDT,0.03,-3.48,-3.37,1.07,24
553,RSS3USDT,ANKRUSDT,0.0,-4.82,-3.37,5.56,24
100,ADAUSDT,10000NFTUSDT,0.02,-3.68,-3.37,75.47,24
256,BNBUSDT,1000BTTUSDT,0.04,-3.47,-3.37,421340.06,24
209,APEUSDT,1000LUNCUSDT,0.03,-3.57,-3.37,28.61,24
266,CELOUSDT,CVXUSDT,0.0,-6.28,-3.37,0.16,24
412,DUSKUSDT,ACHUSDT,0.03,-3.58,-3.37,11.21,24
409,DUSKUSDT,1000BTTUSDT,0.01,-3.79,-3.37,141.78,24
69,1000XECUSDT,BELUSDT,0.0,-4.13,-3.37,0.06,24
413,DYDXUSDT,1000BTTUSDT,0.02,-3.64,-3.37,2060.15,24
817,SNXUSDT,LPTUSDT,0.0,-4.59,-3.37,0.36,23
971,TRBUSDT,EGLDUSDT,0.04,-3.42,-3.37,0.38,23
428,GALAUSDT,ANKRUSDT,0.03,-3.51,-3.37,2.05,23
1212,ZILUSDT,DGBUSDT,0.04,-3.4,-3.37,2.64,23
755,SHIB1000USDT,FITFIUSDT,0.05,-3.37,-3.37,0.36,23
854,SUNUSDT,ASTRUSDT,0.03,-3.5,-3.37,0.13,23
892,SWEATUSDT,GMXUSDT,0.03,-3.52,-3.37,0.0,23
905,SXPUSDT,ANTUSDT,0.02,-3.76,-3.37,0.1,23
908,SXPUSDT,ARUSDT,0.03,-3.57,-3.37,0.03,23
766,SHIB1000USDT,OGNUSDT,0.0,-4.52,-3.37,0.09,23
868,SUNUSDT,ENSUSDT,0.04,-3.39,-3.37,0.0,23
914,SXPUSDT,BICOUSDT,0.02,-3.71,-3.37,0.79,23
473,LITUSDT,1000LUNCUSDT,0.01,-3.99,-3.37,4.89,23
522,PEOPLEUSDT,ACHUSDT,0.03,-3.57,-3.37,2.83,23
897,SXPUSDT,1INCHUSDT,0.04,-3.38,-3.37,0.54,23
407,DASHUSDT,BOBAUSDT,0.01,-3.88,-3.37,257.51,23
939,SXPUSDT,OGNUSDT,0.0,-4.54,-3.37,2.3,23
946,TRBUSDT,ALGOUSDT,0.03,-3.56,-3.37,65.94,23
410,DUSKUSDT,1000LUNCUSDT,0.0,-4.5,-3.37,0.57,23
467,LINAUSDT,BLZUSDT,0.01,-3.98,-3.37,0.1,23
516,OGNUSDT,ACHUSDT,0.0,-4.68,-3.37,12.2,23
220,API3USDT,1000LUNCUSDT,0.0,-5.21,-3.37,7.65,23
974,TRBUSDT,EOSUSDT,0.04,-3.4,-3.37,14.28,23
711,SFPUSDT,YGGUSDT,0.04,-3.39,-3.37,1.99,23
1184,XMRUSDT,XRPUSDT,0.02,-3.68,-3.37,449.55,23
738,SHIB1000USDT,CELRUSDT,0.0,-4.8,-3.37,0.79,23
632,SCUSDT,1000BTTUSDT,0.03,-3.57,-3.37,3.86,23
631,SCRTUSDT,KLAYUSDT,0.03,-3.51,-3.37,4.01,23
204,ANKRUSDT,ACHUSDT,0.0,-4.27,-3.37,2.42,23
27,10000NFTUSDT,GRTUSDT,0.02,-3.76,-3.37,0.06,23
1048,TWTUSDT,1000LUNCUSDT,0.0,-6.29,-3.37,8.84,23
64,1000XECUSDT,AGLDUSDT,0.01,-3.89,-3.37,0.09,23
65,1000XECUSDT,ALICEUSDT,0.03,-3.51,-3.37,0.02,23
1186,ZENUSDT,ALICEUSDT,0.02,-3.72,-3.37,7.1,23
139,ADAUSDT,COTIUSDT,0.0,-4.43,-3.37,4.91,23
664,SCUSDT,IOSTUSDT,0.0,-4.77,-3.37,0.31,23
667,SCUSDT,JSTUSDT,0.0,-4.55,-3.37,0.12,23
77,1000XECUSDT,GLMRUSDT,0.01,-3.95,-3.37,0.08,23
129,ADAUSDT,BNBUSDT,0.01,-4.05,-3.37,0.0,23
1084,UNIUSDT,LITUSDT,0.03,-3.5,-3.37,7.33,23
83,1000XECUSDT,KAVAUSDT,0.04,-3.43,-3.37,0.04,23
615,SANDUSDT,OPUSDT,0.0,-4.14,-3.37,0.4,23
746,SHIB1000USDT,DENTUSDT,0.03,-3.55,-3.37,12.23,23
191,ADAUSDT,MASKUSDT,0.03,-3.54,-3.37,0.12,23
269,CELOUSDT,GRTUSDT,0.02,-3.67,-3.37,7.82,23
639,SCUSDT,ARUSDT,0.0,-4.69,-3.37,0.0,23
89,1000XECUSDT,REEFUSDT,0.01,-4.06,-3.37,9.94,23
533,REQUSDT,CELUSDT,0.01,-3.81,-3.37,0.16,23
28,10000NFTUSDT,GTCUSDT,0.04,-3.47,-3.37,0.0,23
981,TRBUSDT,GLMRUSDT,0.02,-3.77,-3.37,39.11,23
657,SCUSDT,GLMRUSDT,0.0,-4.13,-3.37,0.01,22
276,CELOUSDT,STMXUSDT,0.0,-4.28,-3.37,132.24,22
63,1000XECUSDT,ACHUSDT,0.01,-3.88,-3.37,3.15,22
1031,TRXUSDT,DODOUSDT,0.02,-3.67,-3.37,0.53,22
731,SHIB1000USDT,BATUSDT,0.04,-3.47,-3.37,0.05,22
774,SNXUSDT,ALICEUSDT,0.04,-3.47,-3.37,1.43,22
961,TRBUSDT,CHZUSDT,0.04,-3.42,-3.37,112.12,22
1176,WOOUSDT,PEOPLEUSDT,0.01,-4.02,-3.37,7.01,22
829,SOLUSDT,COMPUSDT,0.01,-4.06,-3.37,0.44,22
461,LDOUSDT,ACHUSDT,0.01,-4.03,-3.37,232.86,22
455,LDOUSDT,10000NFTUSDT,0.01,-3.82,-3.37,459.45,22
1012,TRXUSDT,ACHUSDT,0.0,-4.24,-3.37,6.71,22
1010,TRBUSDT,RVNUSDT,0.02,-3.67,-3.37,618.96,22
180,ADAUSDT,KAVAUSDT,0.01,-3.91,-3.37,0.43,22
779,SNXUSDT,AUDIOUSDT,0.03,-3.55,-3.37,11.31,22
185,ADAUSDT,LDOUSDT,0.03,-3.53,-3.37,0.16,22
1045,TRXUSDT,OMGUSDT,0.04,-3.42,-3.37,0.05,22
485,LTCUSDT,BOBAUSDT,0.01,-3.93,-3.37,435.89,22
936,SXPUSDT,LITUSDT,0.02,-3.72,-3.37,0.29,22
744,SHIB1000USDT,CTSIUSDT,0.04,-3.41,-3.37,0.08,22
1062,UNIUSDT,AGLDUSDT,0.01,-3.86,-3.37,20.66,22
1091,UNIUSDT,THETAUSDT,0.01,-3.82,-3.37,7.15,22
784,SNXUSDT,CELOUSDT,0.03,-3.54,-3.37,3.23,21
150,ADAUSDT,DUSKUSDT,0.01,-4.07,-3.37,3.41,21
851,SUNUSDT,AGLDUSDT,0.01,-3.8,-3.37,0.02,21
486,LTCUSDT,CELUSDT,0.03,-3.58,-3.37,146.79,21
274,CELOUSDT,RSRUSDT,0.03,-3.47,-3.37,165.12,21
713,SHIB1000USDT,1000LUNCUSDT,0.03,-3.54,-3.37,0.06,21
716,SHIB1000USDT,AGLDUSDT,0.02,-3.65,-3.37,0.03,21
257,BTCUSDT,AAVEUSDT,0.01,-3.94,-3.37,276.34,21
72,1000XECUSDT,CTSIUSDT,0.0,-4.48,-3.37,0.23,21
148,ADAUSDT,DOGEUSDT,0.0,-4.2,-3.37,4.11,21
405,DASHUSDT,1000LUNCUSDT,0.04,-3.43,-3.37,291.97,21
90,1000XECUSDT,RVNUSDT,0.04,-3.4,-3.37,1.19,21
614,SANDUSDT,LUNA2USDT,0.02,-3.72,-3.37,0.34,21
93,1000XECUSDT,TLMUSDT,0.01,-3.95,-3.37,1.84,21
94,1000XECUSDT,UNFIUSDT,0.04,-3.47,-3.37,0.01,21
98,1INCHUSDT,1000BTTUSDT,0.02,-3.64,-3.37,659.61,21
977,TRBUSDT,FLMUSDT,0.02,-3.74,-3.37,162.74,21
84,1000XECUSDT,KSMUSDT,0.04,-3.39,-3.37,0.0,21
679,SCUSDT,SNXUSDT,0.01,-3.9,-3.37,0.0,21
969,TRBUSDT,DODOUSDT,0.0,-5.21,-3.37,128.9,21
980,TRBUSDT,GALUSDT,0.04,-3.39,-3.37,10.38,21
967,TRBUSDT,DENTUSDT,0.0,-5.66,-3.37,18092.88,21
694,SFPUSDT,BOBAUSDT,0.01,-3.79,-3.37,2.22,21
988,TRBUSDT,INJUSDT,0.01,-3.92,-3.37,9.31,21
695,SFPUSDT,CELUSDT,0.03,-3.5,-3.37,0.75,21
625,SCRTUSDT,1000LUNCUSDT,0.04,-3.44,-3.37,4.26,21
573,RUNEUSDT,DOTUSDT,0.0,-4.44,-3.37,0.29,21
996,TRBUSDT,LRCUSDT,0.01,-3.93,-3.37,59.22,21
55,10000NFTUSDT,XNOUSDT,0.0,-4.21,-3.37,0.01,21
1041,TRXUSDT,LINKUSDT,0.01,-3.98,-3.37,0.01,21
1172,WOOUSDT,GRTUSDT,0.03,-3.49,-3.37,2.28,21
51,10000NFTUSDT,UNFIUSDT,0.02,-3.63,-3.37,0.0,21
912,SXPUSDT,BALUSDT,0.02,-3.68,-3.37,0.04,21
1027,TRXUSDT,CELUSDT,0.03,-3.57,-3.37,0.1,21
440,INJUSDT,1000BTTUSDT,0.03,-3.54,-3.37,2220.02,21
32,10000NFTUSDT,KAVAUSDT,0.02,-3.6,-3.37,0.01,21
903,SXPUSDT,ALICEUSDT,0.03,-3.52,-3.37,0.18,21
556,RUNEUSDT,AAVEUSDT,0.0,-5.33,-3.37,0.02,21
507,LUNA2USDT,BATUSDT,0.01,-3.79,-3.37,7.99,21
761,SHIB1000USDT,INJUSDT,0.03,-3.55,-3.37,0.01,21
226,ARPAUSDT,1000BTTUSDT,0.01,-3.94,-3.37,44.61,21
1178,WOOUSDT,REQUSDT,0.01,-3.83,-3.37,1.82,21
729,SHIB1000USDT,BALUSDT,0.03,-3.52,-3.37,0.0,21
265,CELOUSDT,CVCUSDT,0.0,-5.64,-3.37,6.57,21
513,OGNUSDT,1000BTTUSDT,0.02,-3.61,-3.37,154.36,21
651,SCUSDT,ENSUSDT,0.01,-3.78,-3.37,0.0,21
1042,TRXUSDT,MATICUSDT,0.01,-4.06,-3.37,0.06,21
314,CKBUSDT,BICOUSDT,0.0,-4.54,-3.37,0.01,21
1207,ZILUSDT,BLZUSDT,0.01,-3.9,-3.37,0.41,21
940,TRBUSDT,1000BTTUSDT,0.0,-4.79,-3.37,20668.04,21
1188,ZENUSDT,BANDUSDT,0.01,-3.79,-3.37,5.53,20
921,SXPUSDT,CTSIUSDT,0.02,-3.63,-3.37,2.03,20
745,SHIB1000USDT,DARUSDT,0.0,-4.41,-3.37,0.07,20
451,KLAYUSDT,1000LUNCUSDT,0.02,-3.75,-3.37,1.06,20
424,GALAUSDT,AAVEUSDT,0.04,-3.42,-3.37,0.0,20
1020,TRXUSDT,BAKEUSDT,0.02,-3.6,-3.37,0.37,20
669,SCUSDT,KDAUSDT,0.03,-3.51,-3.37,0.0,20
427,GALAUSDT,ALICEUSDT,0.04,-3.39,-3.37,0.03,20
1211,ZILUSDT,CROUSDT,0.03,-3.48,-3.37,0.36,20
121,ADAUSDT,BAKEUSDT,0.0,-4.41,-3.37,2.1,20
550,RSS3USDT,1INCHUSDT,0.03,-3.51,-3.37,0.26,20
777,SNXUSDT,ARUSDT,0.0,-4.26,-3.37,0.23,20
138,ADAUSDT,CHZUSDT,0.02,-3.75,-3.37,2.62,20
479,LTCUSDT,1000LUNCUSDT,0.01,-4.09,-3.37,494.24,20
944,TRBUSDT,ADAUSDT,0.03,-3.49,-3.37,42.71,20
780,SNXUSDT,BANDUSDT,0.01,-3.85,-3.37,1.12,20
488,LTCUSDT,CTCUSDT,0.04,-3.43,-3.37,154.68,20
646,SCUSDT,CREAMUSDT,0.01,-3.8,-3.37,0.0,20
728,SHIB1000USDT,BAKEUSDT,0.01,-4.06,-3.37,0.06,20
1060,UNIUSDT,ACHUSDT,0.02,-3.68,-3.37,707.35,20
1061,UNIUSDT,ADAUSDT,0.03,-3.58,-3.37,18.49,20
900,SXPUSDT,ADAUSDT,0.05,-3.38,-3.37,0.73,20
143,ADAUSDT,CTSIUSDT,0.01,-3.99,-3.37,2.77,20
789,SNXUSDT,CROUSDT,0.04,-3.45,-3.37,27.87,20
1073,UNIUSDT,CROUSDT,0.01,-3.82,-3.37,89.42,20
275,CELOUSDT,SLPUSDT,0.01,-3.79,-3.37,235.28,20
582,RUNEUSDT,HBARUSDT,0.04,-3.47,-3.37,33.12,19
490,LTCUSDT,DUSKUSDT,0.02,-3.74,-3.37,869.93,19
718,SHIB1000USDT,ALICEUSDT,0.0,-4.58,-3.37,0.01,19
520,ONTUSDT,1000LUNCUSDT,0.03,-3.57,-3.37,1.06,19
802,SNXUSDT,GLMRUSDT,0.01,-4.01,-3.37,5.28,19
561,RUNEUSDT,ALPHAUSDT,0.02,-3.64,-3.37,16.96,19
758,SHIB1000USDT,HBARUSDT,0.01,-3.77,-3.37,0.2,19
798,SNXUSDT,FILUSDT,0.02,-3.76,-3.37,0.48,19
734,SHIB1000USDT,BOBAUSDT,0.01,-4.03,-3.37,0.05,19
496,LTCUSDT,MINAUSDT,0.01,-3.77,-3.37,163.38,19
511,MKRUSDT,1000LUNCUSDT,0.02,-3.68,-3.37,3835.62,19
762,SHIB1000USDT,KSMUSDT,0.0,-4.43,-3.37,0.0,19
724,SHIB1000USDT,ARUSDT,0.04,-3.41,-3.37,0.0,19
0,10000NFTUSDT,1000BTTUSDT,0.01,-3.79,-3.37,6.41,19
650,SCUSDT,DOTUSDT,0.03,-3.54,-3.37,0.0,19
261,C98USDT,1000LUNCUSDT,0.02,-3.75,-3.37,1.15,19
206,ANTUSDT,1000LUNCUSDT,0.0,-4.38,-3.37,14.4,19
1039,TRXUSDT,HBARUSDT,0.03,-3.59,-3.37,1.22,19
213,APEUSDT,BSWUSDT,0.04,-3.44,-3.37,25.87,19
934,SXPUSDT,KAVAUSDT,0.0,-4.32,-3.37,0.31,19
848,SUNUSDT,1000BTTUSDT,0.01,-4.04,-3.37,7.9,19
1170,WOOUSDT,ETHWUSDT,0.01,-3.79,-3.37,0.05,19
1028,TRXUSDT,CHRUSDT,0.03,-3.57,-3.37,0.45,19
245,BANDUSDT,10000NFTUSDT,0.03,-3.54,-3.37,389.46,19
381,CKBUSDT,LITUSDT,0.03,-3.54,-3.37,0.0,19
1040,TRXUSDT,HOTUSDT,0.02,-3.62,-3.37,34.22,19
112,ADAUSDT,ANKRUSDT,0.0,-4.32,-3.37,15.79,19
278,CELOUSDT,XTZUSDT,0.04,-3.39,-3.37,0.65,19
890,SWEATUSDT,DOGEUSDT,0.0,-4.65,-3.37,0.15,19
97,1000XECUSDT,ZRXUSDT,0.01,-3.88,-3.37,0.15,19
938,SXPUSDT,NEOUSDT,0.03,-3.49,-3.37,0.03,19
931,SXPUSDT,HOTUSDT,0.04,-3.41,-3.37,143.41,19
337,CKBUSDT,DODOUSDT,0.0,-4.15,-3.37,0.03,19
933,SXPUSDT,IMXUSDT,0.01,-3.85,-3.37,0.47,19
1068,UNIUSDT,BNBUSDT,0.04,-3.38,-3.37,0.02,19
1162,WOOUSDT,BLZUSDT,0.04,-3.4,-3.37,2.88,19
156,ADAUSDT,ETCUSDT,0.04,-3.43,-3.37,0.02,19
24,10000NFTUSDT,FLMUSDT,0.05,-3.38,-3.37,0.05,19
439,IMXUSDT,ACHUSDT,0.03,-3.53,-3.37,59.78,19
155,ADAUSDT,EOSUSDT,0.02,-3.75,-3.37,0.33,19
435,HOTUSDT,ACHUSDT,0.01,-3.95,-3.37,0.2,19
422,GALAUSDT,10000NFTUSDT,0.03,-3.5,-3.37,9.74,19
1066,UNIUSDT,BCHUSDT,0.04,-3.46,-3.37,0.05,19
1223,ZILUSDT,STGUSDT,0.04,-3.41,-3.37,0.06,19
433,HOTUSDT,1INCHUSDT,0.04,-3.47,-3.37,0.0,19
136,ADAUSDT,CELUSDT,0.01,-3.86,-3.37,0.58,18
733,SHIB1000USDT,BLZUSDT,0.04,-3.39,-3.37,0.16,18
869,SUNUSDT,EOSUSDT,0.04,-3.42,-3.37,0.01,18
73,1000XECUSDT,DARUSDT,0.02,-3.66,-3.37,0.19,18
199,ADAUSDT,OMGUSDT,0.01,-3.89,-3.37,0.27,18
484,LTCUSDT,BNBUSDT,0.04,-3.39,-3.37,0.29,18
1163,WOOUSDT,CELOUSDT,0.01,-3.88,-3.37,0.29,18
78,1000XECUSDT,GMXUSDT,0.04,-3.41,-3.37,0.0,18
168,ADAUSDT,HBARUSDT,0.01,-3.84,-3.37,6.97,18
715,SHIB1000USDT,ADAUSDT,0.02,-3.74,-3.37,0.03,18
932,SXPUSDT,ICXUSDT,0.01,-4.0,-3.37,1.41,18
1164,WOOUSDT,CELRUSDT,0.03,-3.59,-3.37,14.26,18
1030,TRXUSDT,DARUSDT,0.02,-3.67,-3.37,0.41,18
460,LDOUSDT,AAVEUSDT,0.01,-3.83,-3.37,0.03,18
154,ADAUSDT,ENSUSDT,0.01,-3.78,-3.37,0.03,18
845,STMXUSDT,ARUSDT,0.0,-4.51,-3.37,0.0,18
459,LDOUSDT,1INCHUSDT,0.0,-4.15,-3.37,4.47,18
211,APEUSDT,BICOUSDT,0.02,-3.69,-3.37,15.81,18
194,ADAUSDT,MTLUSDT,0.01,-4.03,-3.37,0.41,18
469,LINAUSDT,C98USDT,0.04,-3.42,-3.37,0.03,18
415,DYDXUSDT,1INCHUSDT,0.03,-3.5,-3.37,3.12,18
417,ETHUSDT,1INCHUSDT,0.01,-3.92,-3.37,3150.98,18
197,ADAUSDT,OCEANUSDT,0.02,-3.65,-3.37,1.37,18
300,CKBUSDT,APEUSDT,0.03,-3.49,-3.37,0.0,17
518,OMGUSDT,1000LUNCUSDT,0.04,-3.46,-3.37,7.11,17
1053,TWTUSDT,AGLDUSDT,0.03,-3.58,-3.37,5.09,17
86,1000XECUSDT,OMGUSDT,0.0,-4.27,-3.37,0.02,17
1056,TWTUSDT,ALPHAUSDT,0.01,-3.83,-3.37,16.24,17
952,TRBUSDT,ARUSDT,0.0,-4.17,-3.37,1.74,17
957,TRBUSDT,BOBAUSDT,0.01,-3.9,-3.37,73.02,17
544,REQUSDT,SHIB1000USDT,0.04,-3.39,-3.37,9.89,17
284,CHRUSDT,1000LUNCUSDT,0.0,-4.97,-3.37,0.76,17
736,SHIB1000USDT,C98USDT,0.0,-4.25,-3.37,0.05,17
233,AUDIOUSDT,1INCHUSDT,0.01,-4.01,-3.37,0.37,17
571,RUNEUSDT,DARUSDT,0.01,-3.79,-3.37,11.11,17
227,ARPAUSDT,1000LUNCUSDT,0.05,-3.38,-3.37,0.18,17
751,SHIB1000USDT,ENJUSDT,0.02,-3.61,-3.37,0.03,17
681,SCUSDT,STMXUSDT,0.01,-3.98,-3.37,0.59,17
271,CELOUSDT,PEOPLEUSDT,0.01,-3.96,-3.37,24.06,17
590,SANDUSDT,AAVEUSDT,0.04,-3.43,-3.37,0.01,17
589,RUNEUSDT,OMGUSDT,0.02,-3.61,-3.37,1.29,17
712,SHIB1000USDT,1000BTTUSDT,0.03,-3.55,-3.37,13.97,17
691,SFPUSDT,API3USDT,0.04,-3.47,-3.37,0.33,17
1083,UNIUSDT,LINKUSDT,0.0,-4.38,-3.37,0.96,17
341,CKBUSDT,DYDXUSDT,0.01,-3.95,-3.37,0.0,17
672,SCUSDT,LUNA2USDT,0.02,-3.75,-3.37,0.0,17
842,STMXUSDT,ACHUSDT,0.02,-3.61,-3.37,0.52,17
628,SCRTUSDT,CHZUSDT,0.01,-3.83,-3.37,5.77,17
1173,WOOUSDT,ICXUSDT,0.02,-3.61,-3.37,1.0,17
398,COTIUSDT,1000LUNCUSDT,0.0,-5.31,-3.37,0.39,17
790,SNXUSDT,CRVUSDT,0.01,-3.81,-3.37,2.66,17
399,COTIUSDT,1000XECUSDT,0.04,-3.45,-3.37,2.47,17
1174,WOOUSDT,JSTUSDT,0.04,-3.43,-3.37,7.75,17
49,10000NFTUSDT,THETAUSDT,0.0,-4.3,-3.37,0.01,17
414,DYDXUSDT,1000LUNCUSDT,0.01,-3.96,-3.37,8.25,17
863,SUNUSDT,CELUSDT,0.01,-3.87,-3.37,0.01,17
656,SCUSDT,GALUSDT,0.02,-3.6,-3.37,0.0,17
1206,ZILUSDT,ARUSDT,0.04,-3.41,-3.37,0.0,17
820,SNXUSDT,NEARUSDT,0.01,-3.92,-3.37,1.01,17
16,10000NFTUSDT,DENTUSDT,0.03,-3.56,-3.37,5.61,17
448,JSTUSDT,1INCHUSDT,0.03,-3.51,-3.37,0.05,17
436,ICXUSDT,1000BTTUSDT,0.02,-3.65,-3.37,251.75,17
4,10000NFTUSDT,ALGOUSDT,0.0,-4.55,-3.37,0.02,17
861,SUNUSDT,CEEKUSDT,0.02,-3.6,-3.37,0.06,17
856,SUNUSDT,BAKEUSDT,0.02,-3.71,-3.37,0.03,17
882,SUNUSDT,OMGUSDT,0.0,-4.14,-3.37,0.0,17
505,LUNA2USDT,ARPAUSDT,0.01,-3.96,-3.37,54.63,17
504,LUNA2USDT,ANTUSDT,0.04,-3.43,-3.37,0.68,17
70,1000XECUSDT,BOBAUSDT,0.01,-3.86,-3.37,0.14,17
503,LUNA2USDT,ACHUSDT,0.01,-3.8,-3.37,192.42,17
924,SXPUSDT,EOSUSDT,0.03,-3.51,-3.37,0.25,17
671,SCUSDT,LPTUSDT,0.01,-3.94,-3.37,0.0,17
165,ADAUSDT,GMXUSDT,0.0,-4.2,-3.37,0.01,16
525,PEOPLEUSDT,AUDIOUSDT,0.01,-3.95,-3.37,0.15,16
1194,ZENUSDT,ENSUSDT,0.01,-4.01,-3.37,0.73,16
104,ADAUSDT,1INCHUSDT,0.01,-3.82,-3.37,0.73,16
816,SNXUSDT,LINAUSDT,0.0,-4.4,-3.37,319.77,16
157,ADAUSDT,ETHUSDT,0.01,-4.06,-3.37,0.0,16
810,SNXUSDT,IOSTUSDT,0.03,-3.52,-3.37,226.8,16
378,CKBUSDT,LDOUSDT,0.0,-4.8,-3.37,0.0,16
477,LRCUSDT,AAVEUSDT,0.01,-3.83,-3.37,0.0,16
927,SXPUSDT,GMXUSDT,0.0,-4.52,-3.37,0.01,16
140,ADAUSDT,CREAMUSDT,0.01,-3.87,-3.37,0.03,16
241,BAKEUSDT,1000XECUSDT,0.03,-3.55,-3.37,5.78,16
1013,TRXUSDT,ADAUSDT,0.04,-3.45,-3.37,0.18,16
781,SNXUSDT,BATUSDT,0.0,-4.11,-3.37,9.14,16
91,1000XECUSDT,STGUSDT,0.01,-3.89,-3.37,0.07,16
564,RUNEUSDT,BANDUSDT,0.03,-3.51,-3.37,0.92,16
17,10000NFTUSDT,DODOUSDT,0.04,-3.41,-3.37,0.04,15
13,10000NFTUSDT,CELUSDT,0.0,-4.32,-3.37,0.01,15
1224,ZILUSDT,TWTUSDT,0.02,-3.72,-3.37,0.02,15
162,ADAUSDT,GALUSDT,0.02,-3.69,-3.37,0.24,15
96,1000XECUSDT,XNOUSDT,0.02,-3.6,-3.37,0.04,15
62,1000XECUSDT,AAVEUSDT,0.01,-3.77,-3.37,0.0,15
1199,ZENUSDT,KDAUSDT,0.02,-3.69,-3.37,9.34,15
689,SFPUSDT,ANKRUSDT,0.01,-3.91,-3.37,20.5,15
1155,WAVESUSDT,LUNA2USDT,0.01,-3.87,-3.37,1.1,15
619,SANDUSDT,SNXUSDT,0.0,-5.46,-3.37,0.3,15
74,1000XECUSDT,DOTUSDT,0.02,-3.69,-3.37,0.01,15
118,ADAUSDT,ASTRUSDT,0.0,-4.29,-3.37,7.76,15
1169,WOOUSDT,DGBUSDT,0.02,-3.66,-3.37,18.59,15
630,SCRTUSDT,GMXUSDT,0.04,-3.39,-3.37,0.02,15
1168,WOOUSDT,DENTUSDT,0.02,-3.75,-3.37,220.02,15
690,SFPUSDT,ANTUSDT,0.04,-3.39,-3.37,0.17,15
1181,WOOUSDT,STXUSDT,0.03,-3.52,-3.37,0.7,15
441,INJUSDT,1000LUNCUSDT,0.02,-3.64,-3.37,8.89,15
332,CKBUSDT,CTSIUSDT,0.01,-3.95,-3.37,0.03,15
348,CKBUSDT,ETHWUSDT,0.0,-4.19,-3.37,0.0,15
248,BANDUSDT,ACHUSDT,0.01,-4.0,-3.37,197.4,15
254,BLZUSDT,AAVEUSDT,0.01,-3.85,-3.37,0.0,15
858,SUNUSDT,BATUSDT,0.04,-3.4,-3.37,0.03,15
388,CKBUSDT,MINAUSDT,0.01,-4.01,-3.37,0.01,15
875,SUNUSDT,ICXUSDT,0.03,-3.55,-3.37,0.03,15
776,SNXUSDT,ARPAUSDT,0.03,-3.58,-3.37,62.48,15
993,TRBUSDT,KSMUSDT,0.01,-3.84,-3.37,0.5,15
273,CELOUSDT,REEFUSDT,0.03,-3.53,-3.37,215.1,15
277,CELOUSDT,STXUSDT,0.03,-3.49,-3.37,2.39,15
978,TRBUSDT,FLOWUSDT,0.01,-4.02,-3.37,15.7,15
889,SWEATUSDT,CEEKUSDT,0.01,-3.78,-3.37,0.13,15
765,SHIB1000USDT,NEOUSDT,0.02,-3.68,-3.37,0.0,15
958,TRBUSDT,C98USDT,0.01,-3.81,-3.37,71.94,15
954,TRBUSDT,AUDIOUSDT,0.0,-4.58,-3.37,83.81,15
895,SXPUSDT,1000BTTUSDT,0.01,-3.98,-3.37,355.42,15
917,SXPUSDT,C98USDT,0.05,-3.37,-3.37,1.24,15
515,OGNUSDT,AAVEUSDT,0.01,-4.03,-3.37,0.0,15
855,SUNUSDT,AUDIOUSDT,0.03,-3.54,-3.37,0.03,15
246,BANDUSDT,1000BTTUSDT,0.03,-3.55,-3.37,2496.95,15
843,STMXUSDT,AGLDUSDT,0.04,-3.39,-3.37,0.02,15
420,FILUSDT,CELUSDT,0.04,-3.41,-3.37,6.97,15
719,SHIB1000USDT,ALPHAUSDT,0.0,-4.3,-3.37,0.1,15
1057,TWTUSDT,ANKRUSDT,0.0,-6.08,-3.37,71.92,15
434,HOTUSDT,AAVEUSDT,0.0,-4.49,-3.37,0.0,15
429,GALAUSDT,ANTUSDT,0.03,-3.51,-3.37,0.02,15
423,GALAUSDT,1000LUNCUSDT,0.0,-4.81,-3.37,0.25,15
568,RUNEUSDT,CELUSDT,0.01,-4.0,-3.37,2.74,15
1047,TWTUSDT,1000BTTUSDT,0.02,-3.76,-3.37,2205.45,15
464,LINAUSDT,ALPHAUSDT,0.01,-3.99,-3.37,0.06,15
202,ANKRUSDT,10000NFTUSDT,0.04,-3.44,-3.37,4.77,15
203,ANKRUSDT,1000LUNCUSDT,0.0,-5.8,-3.37,0.12,15
408,DASHUSDT,ETCUSDT,0.01,-4.05,-3.37,2.35,15
512,MTLUSDT,1000BTTUSDT,0.0,-4.23,-3.37,1165.75,15
404,CVCUSDT,AUDIOUSDT,0.02,-3.63,-3.37,0.53,14
832,SOLUSDT,HNTUSDT,0.03,-3.53,-3.37,7.92,14
458,LDOUSDT,1000XECUSDT,0.01,-4.06,-3.37,73.96,14
805,SNXUSDT,GTCUSDT,0.04,-3.4,-3.37,1.26,14
1193,ZENUSDT,DOTUSDT,0.03,-3.51,-3.37,1.77,14
172,ADAUSDT,ICXUSDT,0.02,-3.73,-3.37,1.92,14
807,SNXUSDT,HOTUSDT,0.02,-3.67,-3.37,1125.0,14
1070,UNIUSDT,BTCUSDT,0.03,-3.56,-3.37,0.0,14
145,ADAUSDT,DENTUSDT,0.02,-3.6,-3.37,423.32,14
170,ADAUSDT,HOTUSDT,0.01,-3.83,-3.37,195.13,14
137,ADAUSDT,CHRUSDT,0.0,-4.78,-3.37,2.55,14
565,RUNEUSDT,BLZUSDT,0.01,-3.77,-3.37,26.38,14
189,ADAUSDT,LRCUSDT,0.03,-3.52,-3.37,1.39,14
128,ADAUSDT,BLZUSDT,0.01,-3.91,-3.37,5.55,14
569,RUNEUSDT,CROUSDT,0.03,-3.57,-3.37,22.97,14
159,ADAUSDT,FLMUSDT,0.0,-4.5,-3.37,3.81,14
123,ADAUSDT,BANDUSDT,0.0,-4.18,-3.37,0.19,14
176,ADAUSDT,IOTAUSDT,0.01,-3.83,-3.37,1.67,14
103,ADAUSDT,1000XECUSDT,0.02,-3.72,-3.37,12.14,14
1054,TWTUSDT,AKROUSDT,0.01,-3.77,-3.37,467.09,14
198,ADAUSDT,OGNUSDT,0.01,-4.09,-3.37,3.13,14
1052,TWTUSDT,ADAUSDT,0.0,-4.16,-3.37,4.56,13
811,SNXUSDT,IOTAUSDT,0.03,-3.49,-3.37,9.65,13
795,SNXUSDT,ENJUSDT,0.01,-4.1,-3.37,6.08,13
809,SNXUSDT,ICXUSDT,0.03,-3.58,-3.37,11.07,13
935,SXPUSDT,KSMUSDT,0.0,-4.31,-3.37,0.01,13
1185,ZENUSDT,ACHUSDT,0.0,-4.23,-3.37,1092.28,13
788,SNXUSDT,CREAMUSDT,0.05,-3.37,-3.37,0.16,13
1011,TRXUSDT,AAVEUSDT,0.04,-3.41,-3.37,0.0,13
785,SNXUSDT,CELRUSDT,0.03,-3.51,-3.37,158.21,13
685,SCUSDT,XNOUSDT,0.04,-3.41,-3.37,0.0,13
859,SUNUSDT,BELUSDT,0.0,-4.92,-3.37,0.01,13
748,SHIB1000USDT,DUSKUSDT,0.04,-3.38,-3.37,0.1,13
1165,WOOUSDT,CREAMUSDT,0.01,-3.81,-3.37,0.01,13
772,SNXUSDT,AGLDUSDT,0.03,-3.48,-3.37,6.44,13
972,TRBUSDT,ENJUSDT,0.0,-5.21,-3.37,45.04,13
763,SHIB1000USDT,LPTUSDT,0.04,-3.4,-3.37,0.0,13
1018,TRXUSDT,AUDIOUSDT,0.05,-3.37,-3.37,0.34,13
1225,ZILUSDT,ZENUSDT,0.03,-3.56,-3.37,0.0,13
426,GALAUSDT,ADAUSDT,0.04,-3.43,-3.37,0.13,13
536,REQUSDT,FLOWUSDT,0.01,-3.77,-3.37,0.1,13
325,CKBUSDT,CHRUSDT,0.01,-3.87,-3.37,0.02,13
508,LUNA2USDT,BOBAUSDT,0.04,-3.47,-3.37,8.59,13
240,BAKEUSDT,1000LUNCUSDT,0.0,-4.56,-3.37,0.92,13
519,ONTUSDT,1000BTTUSDT,0.03,-3.51,-3.37,264.29,13
66,1000XECUSDT,ALPHAUSDT,0.0,-4.61,-3.37,0.29,13
344,CKBUSDT,ENSUSDT,0.0,-4.36,-3.37,0.0,13
526,PEOPLEUSDT,BOBAUSDT,0.04,-3.41,-3.37,0.13,13
354,CKBUSDT,FXSUSDT,0.0,-4.68,-3.37,0.0,13
529,REQUSDT,AGLDUSDT,0.02,-3.73,-3.37,0.32,13
160,ADAUSDT,FLOWUSDT,0.01,-3.91,-3.37,0.37,13
47,10000NFTUSDT,STXUSDT,0.03,-3.59,-3.37,0.02,13
259,C98USDT,10000NFTUSDT,0.04,-3.38,-3.37,44.77,13
48,10000NFTUSDT,SUSHIUSDT,0.0,-4.66,-3.37,0.0,13
586,RUNEUSDT,MATICUSDT,0.01,-3.89,-3.37,1.72,13
368,CKBUSDT,INJUSDT,0.0,-4.34,-3.37,0.0,13
207,ANTUSDT,AAVEUSDT,0.01,-3.97,-3.37,0.04,13
541,REQUSDT,REEFUSDT,0.02,-3.65,-3.37,34.48,13
581,RUNEUSDT,GTCUSDT,0.03,-3.5,-3.37,1.04,13
393,CKBUSDT,OCEANUSDT,0.0,-4.53,-3.37,0.01,13
478,LRCUSDT,ACHUSDT,0.03,-3.51,-3.37,27.57,13
555,RUNEUSDT,1INCHUSDT,0.05,-3.37,-3.37,3.48,13
563,RUNEUSDT,BALUSDT,0.0,-4.16,-3.37,0.26,13
607,SANDUSDT,HNTUSDT,0.01,-3.92,-3.37,0.25,13
599,SANDUSDT,CREAMUSDT,0.01,-4.0,-3.37,0.05,13
299,CKBUSDT,ANTUSDT,0.02,-3.67,-3.37,0.0,13
313,CKBUSDT,BELUSDT,0.0,-4.5,-3.37,0.01,13
294,CKBUSDT,AGLDUSDT,0.0,-4.48,-3.37,0.01,13
295,CKBUSDT,AKROUSDT,0.0,-4.43,-3.37,0.97,13
634,SCUSDT,AAVEUSDT,0.03,-3.52,-3.37,0.0,13
629,SCRTUSDT,DUSKUSDT,0.0,-4.26,-3.37,7.51,13
640,SCUSDT,ASTRUSDT,0.01,-3.82,-3.37,0.06,13
286,CHZUSDT,1000LUNCUSDT,0.03,-3.55,-3.37,0.74,13
283,CELRUSDT,ACHUSDT,0.01,-3.81,-3.37,1.39,13
638,SCUSDT,ALPHAUSDT,0.01,-4.07,-3.37,0.03,13
6,10000NFTUSDT,ARUSDT,0.0,-4.61,-3.37,0.0,13
431,GALUSDT,ACHUSDT,0.01,-3.85,-3.37,157.22,13
437,IMXUSDT,1000LUNCUSDT,0.01,-4.04,-3.37,3.03,13
487,LTCUSDT,COTIUSDT,0.04,-3.38,-3.37,1252.4,13
260,C98USDT,1000BTTUSDT,0.0,-4.75,-3.37,287.07,13
466,LINAUSDT,AUDIOUSDT,0.0,-4.28,-3.37,0.04,13
425,GALAUSDT,ACHUSDT,0.01,-3.9,-3.37,4.94,13
216,APEUSDT,GMXUSDT,0.05,-3.37,-3.37,0.1,12
122,ADAUSDT,BALUSDT,0.02,-3.74,-3.37,0.05,12
179,ADAUSDT,JSTUSDT,0.04,-3.46,-3.37,14.92,12
109,ADAUSDT,ALGOUSDT,0.01,-3.77,-3.37,1.54,12
192,ADAUSDT,MATICUSDT,0.01,-3.9,-3.37,0.36,12
166,ADAUSDT,GRTUSDT,0.01,-4.09,-3.37,4.39,12
188,ADAUSDT,LPTUSDT,0.01,-3.99,-3.37,0.06,12
495,LTCUSDT,MASKUSDT,0.04,-3.38,-3.37,30.74,12
132,ADAUSDT,BTCUSDT,0.01,-3.93,-3.37,0.0,12
1029,TRXUSDT,CROUSDT,0.0,-4.32,-3.37,0.85,12
175,ADAUSDT,IOSTUSDT,0.03,-3.48,-3.37,39.34,12
152,ADAUSDT,EGLDUSDT,0.0,-4.17,-3.37,0.01,12
382,CKBUSDT,LOOKSUSDT,0.0,-4.81,-3.37,0.02,12
334,CKBUSDT,DARUSDT,0.0,-4.21,-3.37,0.02,12
916,SXPUSDT,BTCUSDT,0.04,-3.44,-3.37,0.0,12
1189,ZENUSDT,BLZUSDT,0.0,-4.11,-3.37,158.68,12
350,CKBUSDT,FITFIUSDT,0.0,-4.4,-3.37,0.12,12
1077,UNIUSDT,DUSKUSDT,0.03,-3.51,-3.37,63.1,12
99,1INCHUSDT,1000LUNCUSDT,0.03,-3.58,-3.37,2.64,11
392,CKBUSDT,NEOUSDT,0.01,-3.99,-3.37,0.0,11
866,SUNUSDT,DARUSDT,0.01,-3.81,-3.37,0.04,11
173,ADAUSDT,IMXUSDT,0.01,-4.06,-3.37,0.64,11
769,SNXUSDT,1000BTTUSDT,0.01,-3.77,-3.37,2786.48,11
793,SNXUSDT,DODOUSDT,0.01,-3.78,-3.37,17.38,11
395,CKBUSDT,OMGUSDT,0.01,-4.06,-3.37,0.0,11
794,SNXUSDT,EGLDUSDT,0.04,-3.42,-3.37,0.05,11
537,REQUSDT,GMXUSDT,0.01,-4.0,-3.37,0.0,11
768,SLPUSDT,ARUSDT,0.02,-3.62,-3.37,0.0,11
1145,WAVESUSDT,FILUSDT,0.01,-3.81,-3.37,0.46,11
449,JSTUSDT,AAVEUSDT,0.01,-3.98,-3.37,0.0,11
432,HOTUSDT,1000BTTUSDT,0.01,-3.99,-3.37,2.48,11
131,ADAUSDT,BSWUSDT,0.03,-3.56,-3.37,1.75,11
814,SNXUSDT,KDAUSDT,0.0,-4.39,-3.37,1.88,11
499,LTCUSDT,PAXGUSDT,0.02,-3.72,-3.37,0.04,11
497,LTCUSDT,MKRUSDT,0.02,-3.7,-3.37,0.13,11
559,RUNEUSDT,AKROUSDT,0.01,-3.93,-3.37,486.21,11
374,CKBUSDT,KDAUSDT,0.0,-4.36,-3.37,0.0,11
1017,TRXUSDT,ASTRUSDT,0.02,-3.65,-3.37,1.36,11
915,SXPUSDT,BOBAUSDT,0.01,-3.99,-3.37,1.26,11
872,SUNUSDT,GLMRUSDT,0.01,-3.79,-3.37,0.01,11
342,CKBUSDT,EGLDUSDT,0.0,-4.25,-3.37,0.0,11
244,BALUSDT,1000BTTUSDT,0.0,-4.68,-3.37,8872.07,11
1009,TRBUSDT,RUNEUSDT,0.01,-3.78,-3.37,8.99,11
683,SCUSDT,TLMUSDT,0.02,-3.7,-3.37,0.18,11
605,SANDUSDT,GRTUSDT,0.0,-4.78,-3.37,7.63,11
1203,ZENUSDT,RNDRUSDT,0.03,-3.55,-3.37,19.18,11
29,10000NFTUSDT,HBARUSDT,0.04,-3.42,-3.37,0.09,11
611,SANDUSDT,KNCUSDT,0.02,-3.75,-3.37,0.94,11
21,10000NFTUSDT,ENSUSDT,0.0,-4.69,-3.37,0.0,11
997,TRBUSDT,LUNA2USDT,0.0,-4.46,-3.37,8.44,11
264,C98USDT,ACHUSDT,0.0,-4.24,-3.37,22.69,11
959,TRBUSDT,CELRUSDT,0.02,-3.71,-3.37,1172.65,11
995,TRBUSDT,LPTUSDT,0.0,-5.77,-3.37,2.65,11
965,TRBUSDT,CVCUSDT,0.03,-3.5,-3.37,157.36,11
624,SANDUSDT,ZENUSDT,0.0,-4.3,-3.37,0.06,11
288,CKBUSDT,1000BTTUSDT,0.0,-4.64,-3.37,4.6,11
293,CKBUSDT,ACHUSDT,0.0,-4.25,-3.37,0.36,11
654,SCUSDT,FLOWUSDT,0.0,-6.13,-3.37,0.0,11
598,SANDUSDT,CELRUSDT,0.04,-3.46,-3.37,47.77,11
476,LRCUSDT,1INCHUSDT,0.01,-3.9,-3.37,0.53,11
45,10000NFTUSDT,SKLUSDT,0.03,-3.56,-3.37,0.17,11
1175,WOOUSDT,LUNA2USDT,0.0,-4.4,-3.37,0.1,11
40,10000NFTUSDT,REEFUSDT,0.04,-3.38,-3.37,1.6,11
566,RUNEUSDT,BOBAUSDT,0.0,-4.11,-3.37,8.11,11
355,CKBUSDT,GALAUSDT,0.01,-3.85,-3.37,0.07,11
909,SXPUSDT,AUDIOUSDT,0.01,-3.84,-3.37,1.44,11
1180,WOOUSDT,SNXUSDT,0.03,-3.55,-3.37,0.09,11
727,SHIB1000USDT,AXSUSDT,0.04,-3.47,-3.37,0.0,11
372,CKBUSDT,JSTUSDT,0.0,-4.34,-3.37,0.14,11
375,CKBUSDT,KLAYUSDT,0.01,-3.81,-3.37,0.02,11
215,APEUSDT,GALAUSDT,0.05,-3.37,-3.37,113.01,11
876,SUNUSDT,IOSTUSDT,0.01,-3.89,-3.37,0.64,11
878,SUNUSDT,LPTUSDT,0.04,-3.4,-3.37,0.0,11
1037,TRXUSDT,GLMRUSDT,0.04,-3.41,-3.37,0.16,11
438,IMXUSDT,AAVEUSDT,0.03,-3.54,-3.37,0.01,10
146,ADAUSDT,DGBUSDT,0.03,-3.53,-3.37,35.79,10
181,ADAUSDT,KDAUSDT,0.01,-3.82,-3.37,0.33,10
792,SNXUSDT,DENTUSDT,0.01,-3.88,-3.37,2440.34,10
184,ADAUSDT,KSMUSDT,0.01,-3.88,-3.37,0.01,10
367,CKBUSDT,IMXUSDT,0.0,-4.46,-3.37,0.01,10
373,CKBUSDT,KAVAUSDT,0.02,-3.74,-3.37,0.0,10
316,CKBUSDT,BLZUSDT,0.0,-4.49,-3.37,0.05,10
144,ADAUSDT,DARUSDT,0.0,-4.49,-3.37,2.34,10
116,ADAUSDT,ARPAUSDT,0.01,-3.89,-3.37,10.84,10
163,ADAUSDT,GLMRUSDT,0.01,-3.99,-3.37,0.91,10
124,ADAUSDT,BATUSDT,0.01,-4.06,-3.37,1.59,10
126,ADAUSDT,BELUSDT,0.0,-4.32,-3.37,0.71,10
147,ADAUSDT,DODOUSDT,0.01,-3.94,-3.37,3.02,10
383,CKBUSDT,LPTUSDT,0.0,-4.25,-3.37,0.0,10
329,CKBUSDT,CREAMUSDT,0.0,-4.39,-3.37,0.0,10
1222,ZILUSDT,SANDUSDT,0.03,-3.48,-3.37,0.04,10
741,SHIB1000USDT,CREAMUSDT,0.02,-3.6,-3.37,0.0,10
494,LTCUSDT,LINKUSDT,0.03,-3.49,-3.37,13.18,10
1166,WOOUSDT,CROUSDT,0.04,-3.46,-3.37,2.51,10
1119,USDCUSDT,LRCUSDT,0.01,-4.1,-3.37,4.2,9
52,10000NFTUSDT,VETUSDT,0.01,-3.77,-3.37,0.23,9
1190,ZENUSDT,BOBAUSDT,0.01,-3.79,-3.37,48.81,9
697,SFPUSDT,ENJUSDT,0.03,-3.49,-3.37,1.37,9
234,AUDIOUSDT,ACHUSDT,0.01,-4.08,-3.37,19.48,9
232,AUDIOUSDT,1000LUNCUSDT,0.03,-3.56,-3.37,0.99,9
231,AUDIOUSDT,1000BTTUSDT,0.03,-3.5,-3.37,246.44,9
902,SXPUSDT,AKROUSDT,0.02,-3.6,-3.37,75.25,9
44,10000NFTUSDT,RSRUSDT,0.02,-3.6,-3.37,1.23,9
898,SXPUSDT,AAVEUSDT,0.04,-3.4,-3.37,0.0,9
46,10000NFTUSDT,STORJUSDT,0.0,-4.21,-3.37,0.01,9
709,SFPUSDT,SNXUSDT,0.01,-4.06,-3.37,0.23,9
584,RUNEUSDT,INJUSDT,0.0,-4.35,-3.37,1.03,9
370,CKBUSDT,IOTAUSDT,0.0,-4.38,-3.37,0.02,9
33,10000NFTUSDT,KDAUSDT,0.0,-4.15,-3.37,0.0,9
717,SHIB1000USDT,AKROUSDT,0.04,-3.46,-3.37,2.96,9
58,10000NFTUSDT,YGGUSDT,0.04,-3.43,-3.37,0.02,9
60,1000XECUSDT,1000BTTUSDT,0.03,-3.55,-3.37,39.83,9
1050,TWTUSDT,1INCHUSDT,0.04,-3.45,-3.37,3.34,9
105,ADAUSDT,AAVEUSDT,0.01,-3.96,-3.37,0.0,9
389,CKBUSDT,MKRUSDT,0.03,-3.54,-3.37,0.0,9
857,SUNUSDT,BALUSDT,0.01,-3.97,-3.37,0.0,9
543,REQUSDT,RSRUSDT,0.03,-3.48,-3.37,26.46,9
849,SUNUSDT,AAVEUSDT,0.02,-3.6,-3.37,0.0,9
1151,WAVESUSDT,JASMYUSDT,0.0,-5.72,-3.37,424.32,9
600,SANDUSDT,CROUSDT,0.04,-3.39,-3.37,8.41,9
340,CKBUSDT,DUSKUSDT,0.0,-4.23,-3.37,0.03,9
535,REQUSDT,EGLDUSDT,0.03,-3.53,-3.37,0.0,9
1210,ZILUSDT,CREAMUSDT,0.04,-3.43,-3.37,0.0,9
979,TRBUSDT,FTMUSDT,0.02,-3.67,-3.37,50.76,9
637,SCUSDT,ALICEUSDT,0.03,-3.49,-3.37,0.0,9
287,CKBUSDT,10000NFTUSDT,0.0,-4.53,-3.37,0.72,9
623,SANDUSDT,XTZUSDT,0.03,-3.48,-3.37,0.64,9
301,CKBUSDT,API3USDT,0.0,-4.23,-3.37,0.0,9
622,SANDUSDT,WAVESUSDT,0.02,-3.74,-3.37,0.31,9
281,CELRUSDT,1INCHUSDT,0.0,-4.52,-3.37,0.03,9
990,TRBUSDT,JASMYUSDT,0.03,-3.59,-3.37,3254.51,9
991,TRBUSDT,JSTUSDT,0.01,-4.01,-3.37,637.5,9
308,CKBUSDT,BAKEUSDT,0.01,-4.0,-3.37,0.02,9
12,10000NFTUSDT,CEEKUSDT,0.04,-3.44,-3.37,0.05,9
673,SCUSDT,NEARUSDT,0.03,-3.52,-3.37,0.0,9
929,SXPUSDT,HBARUSDT,0.0,-4.25,-3.37,5.12,9
953,TRBUSDT,ASTRUSDT,0.03,-3.58,-3.37,331.52,9
317,CKBUSDT,BNBUSDT,0.01,-3.85,-3.37,0.0,9
262,C98USDT,1INCHUSDT,0.0,-4.69,-3.37,0.44,9
25,10000NFTUSDT,FLOWUSDT,0.04,-3.43,-3.37,0.0,9
258,BTCUSDT,ACHUSDT,0.0,-4.22,-3.37,2184441.53,9
326,CKBUSDT,CHZUSDT,0.0,-4.31,-3.37,0.02,9
1006,TRBUSDT,RNDRUSDT,0.02,-3.76,-3.37,28.68,9
328,CKBUSDT,COTIUSDT,0.0,-4.11,-3.37,0.05,9
242,BAKEUSDT,AAVEUSDT,0.03,-3.53,-3.37,0.0,9
688,SFPUSDT,ALICEUSDT,0.02,-3.65,-3.37,0.32,9
1015,TRXUSDT,AKROUSDT,0.01,-4.09,-3.37,17.96,9
1147,WAVESUSDT,GMTUSDT,0.02,-3.63,-3.37,4.89,9
576,RUNEUSDT,ETHWUSDT,0.01,-3.77,-3.37,0.44,9
1129,USDCUSDT,STXUSDT,0.03,-3.57,-3.37,4.07,9
812,SNXUSDT,JASMYUSDT,0.0,-4.67,-3.37,439.36,9
498,LTCUSDT,MTLUSDT,0.04,-3.39,-3.37,105.72,9
1122,USDCUSDT,OGNUSDT,0.04,-3.47,-3.37,9.5,9
1093,UNIUSDT,YFIUSDT,0.03,-3.48,-3.37,0.0,9
806,SNXUSDT,HNTUSDT,0.0,-5.39,-3.37,0.81,9
135,ADAUSDT,CELRUSDT,0.03,-3.48,-3.37,27.43,9
418,ETHUSDT,AAVEUSDT,0.02,-3.72,-3.37,20.77,9
419,ETHUSDT,ACHUSDT,0.0,-4.26,-3.37,164300.76,9
290,CKBUSDT,1000XECUSDT,0.0,-4.56,-3.37,0.12,9
1094,USDCUSDT,1INCHUSDT,0.04,-3.41,-3.37,2.22,9
767,SLPUSDT,1INCHUSDT,0.05,-3.37,-3.37,0.01,9
813,SNXUSDT,JSTUSDT,0.04,-3.46,-3.37,85.96,9
815,SNXUSDT,KNCUSDT,0.01,-3.84,-3.37,3.11,9
1144,WAVESUSDT,CVCUSDT,0.0,-4.52,-3.37,20.45,9
453,KSMUSDT,1000BTTUSDT,0.0,-6.24,-3.37,41371.87,9
840,STGUSDT,1000LUNCUSDT,0.0,-4.5,-3.37,2.42,9
406,DASHUSDT,ANKRUSDT,0.03,-3.52,-3.37,2375.36,9
353,CKBUSDT,FTMUSDT,0.0,-4.47,-3.37,0.01,8
303,CKBUSDT,ARPAUSDT,0.0,-4.41,-3.37,0.1,8
133,ADAUSDT,C98USDT,0.01,-4.08,-3.37,1.68,8
379,CKBUSDT,LINAUSDT,0.01,-3.9,-3.37,0.53,8
1025,TRXUSDT,BTCUSDT,0.0,-4.44,-3.37,0.0,8
119,ADAUSDT,AUDIOUSDT,0.03,-3.55,-3.37,1.96,8
305,CKBUSDT,AUDIOUSDT,0.0,-4.51,-3.37,0.02,8
141,ADAUSDT,CROUSDT,0.01,-3.95,-3.37,4.83,8
174,ADAUSDT,INJUSDT,0.01,-4.03,-3.37,0.22,8
523,PEOPLEUSDT,ALICEUSDT,0.01,-3.94,-3.37,0.02,8
322,CKBUSDT,CEEKUSDT,0.01,-3.96,-3.37,0.03,8
120,ADAUSDT,AXSUSDT,0.0,-4.48,-3.37,0.04,8
822,SNXUSDT,OGNUSDT,0.0,-4.12,-3.37,18.05,8
177,ADAUSDT,IOTXUSDT,0.04,-3.44,-3.37,12.55,8
489,LTCUSDT,DOGEUSDT,0.03,-3.48,-3.37,1047.9,7
351,CKBUSDT,FLMUSDT,0.0,-4.43,-3.37,0.04,7
43,10000NFTUSDT,ROSEUSDT,0.0,-4.56,-3.37,0.1,7
701,SFPUSDT,IOTXUSDT,0.01,-3.93,-3.37,16.3,7
235,AVAXUSDT,ILVUSDT,0.04,-3.42,-3.37,0.3,7
357,CKBUSDT,GLMRUSDT,0.0,-4.11,-3.37,0.01,7
358,CKBUSDT,GMXUSDT,0.0,-4.82,-3.37,0.0,7
1021,TRXUSDT,BALUSDT,0.01,-3.79,-3.37,0.01,7
291,CKBUSDT,1INCHUSDT,0.0,-4.26,-3.37,0.01,7
34,10000NFTUSDT,LPTUSDT,0.02,-3.66,-3.37,0.0,7
1130,USDCUSDT,TRBUSDT,0.03,-3.52,-3.37,0.07,7
620,SANDUSDT,STXUSDT,0.03,-3.55,-3.37,2.33,7
309,CKBUSDT,BALUSDT,0.0,-4.63,-3.37,0.0,7
268,CELOUSDT,FXSUSDT,0.01,-3.97,-3.37,0.09,7
621,SANDUSDT,SUSHIUSDT,0.0,-4.9,-3.37,0.49,7
492,LTCUSDT,ILVUSDT,0.01,-3.78,-3.37,1.72,7
947,TRBUSDT,ALICEUSDT,0.0,-4.69,-3.37,10.62,7
1112,USDCUSDT,ICXUSDT,0.03,-3.49,-3.37,5.82,7
247,BANDUSDT,1000LUNCUSDT,0.01,-3.79,-3.37,10.0,7
430,GALUSDT,1000LUNCUSDT,0.04,-3.47,-3.37,7.97,7
686,SCUSDT,XTZUSDT,0.01,-4.05,-3.37,0.0,7
775,SNXUSDT,ALPHAUSDT,0.0,-4.25,-3.37,20.58,7
1198,ZENUSDT,HNTUSDT,0.0,-4.27,-3.37,4.01,7
338,CKBUSDT,DOGEUSDT,0.02,-3.64,-3.37,0.04,7
904,SXPUSDT,ALPHAUSDT,0.04,-3.38,-3.37,2.62,7
1131,USDCUSDT,UNFIUSDT,0.04,-3.47,-3.37,0.23,7
1016,TRXUSDT,ALICEUSDT,0.02,-3.67,-3.37,0.04,7
773,SNXUSDT,ALGOUSDT,0.01,-4.07,-3.37,8.89,7
593,SANDUSDT,ALICEUSDT,0.0,-4.37,-3.37,0.43,7
360,CKBUSDT,GTCUSDT,0.0,-4.35,-3.37,0.0,7
178,ADAUSDT,JASMYUSDT,0.04,-3.46,-3.37,76.08,7
877,SUNUSDT,KSMUSDT,0.0,-4.33,-3.37,0.0,7
725,SHIB1000USDT,ASTRUSDT,0.02,-3.62,-3.37,0.22,7
570,RUNEUSDT,CTSIUSDT,0.02,-3.76,-3.37,13.14,7
874,SUNUSDT,HOTUSDT,0.01,-3.83,-3.37,3.19,7
454,KSMUSDT,1000LUNCUSDT,0.02,-3.75,-3.37,165.71,7
870,SUNUSDT,ETHUSDT,0.01,-3.84,-3.37,0.0,7
111,ADAUSDT,ALPHAUSDT,0.01,-4.02,-3.37,3.57,7
75,1000XECUSDT,EOSUSDT,0.02,-3.68,-3.37,0.03,7
385,CKBUSDT,LUNA2USDT,0.0,-4.41,-3.37,0.0,7
574,RUNEUSDT,EGLDUSDT,0.0,-4.62,-3.37,0.04,7
862,SUNUSDT,CELRUSDT,0.03,-3.55,-3.37,0.45,7
1114,USDCUSDT,INJUSDT,0.05,-3.38,-3.37,0.66,7
1156,WAVESUSDT,MANAUSDT,0.04,-3.47,-3.37,3.76,7
853,SUNUSDT,ALPHAUSDT,0.02,-3.73,-3.37,0.06,7
1058,TWTUSDT,ANTUSDT,0.0,-5.07,-3.37,0.61,7
1154,WAVESUSDT,LPTUSDT,0.03,-3.48,-3.37,0.34,7
1059,UNIUSDT,AAVEUSDT,0.02,-3.72,-3.37,0.09,7
841,STMXUSDT,1000BTTUSDT,0.05,-3.37,-3.37,6.52,7
572,RUNEUSDT,DODOUSDT,0.0,-4.35,-3.37,14.33,7
1049,TWTUSDT,1000XECUSDT,0.04,-3.44,-3.37,55.3,7
575,RUNEUSDT,ENSUSDT,0.0,-4.57,-3.37,0.12,7
9,10000NFTUSDT,BATUSDT,0.01,-3.84,-3.37,0.02,7
229,ARPAUSDT,AAVEUSDT,0.01,-3.82,-3.37,0.0,7
1123,USDCUSDT,PEOPLEUSDT,0.02,-3.73,-3.37,40.96,7
706,SFPUSDT,RENUSDT,0.02,-3.64,-3.37,5.89,7
475,LRCUSDT,10000NFTUSDT,0.04,-3.39,-3.37,54.39,7
1043,TRXUSDT,NEARUSDT,0.03,-3.48,-3.37,0.03,7
500,LTCUSDT,SCRTUSDT,0.02,-3.7,-3.37,115.83,7
1133,USDCUSDT,XEMUSDT,0.04,-3.43,-3.37,30.31,7
311,CKBUSDT,BATUSDT,0.0,-4.11,-3.37,0.02,7
577,RUNEUSDT,FLMUSDT,0.02,-3.66,-3.37,18.09,7
56,10000NFTUSDT,XTZUSDT,0.01,-4.03,-3.37,0.0,7
201,ALPHAUSDT,1000BTTUSDT,0.0,-5.11,-3.37,135.15,7
57,10000NFTUSDT,YFIUSDT,0.0,-4.94,-3.37,0.0,7
384,CKBUSDT,LRCUSDT,0.0,-4.25,-3.37,0.01,6
292,CKBUSDT,AAVEUSDT,0.0,-4.56,-3.37,0.0,6
117,ADAUSDT,ARUSDT,0.02,-3.65,-3.37,0.04,6
318,CKBUSDT,BNXUSDT,0.01,-3.92,-3.37,0.0,6
356,CKBUSDT,GALUSDT,0.0,-4.25,-3.37,0.0,6
369,CKBUSDT,IOSTUSDT,0.0,-4.32,-3.37,0.37,6
321,CKBUSDT,C98USDT,0.0,-4.45,-3.37,0.02,6
390,CKBUSDT,MTLUSDT,0.0,-4.16,-3.37,0.0,6
1216,ZILUSDT,HNTUSDT,0.03,-3.51,-3.37,0.01,6
336,CKBUSDT,DGBUSDT,0.0,-4.57,-3.37,0.34,6
335,CKBUSDT,DENTUSDT,0.0,-4.75,-3.37,4.03,6
387,CKBUSDT,MATICUSDT,0.0,-4.29,-3.37,0.0,6
1220,ZILUSDT,MANAUSDT,0.03,-3.56,-3.37,0.05,5
1108,USDCUSDT,FXSUSDT,0.0,-4.13,-3.37,0.15,5
1107,USDCUSDT,FITFIUSDT,0.01,-3.86,-3.37,38.02,5
280,CELRUSDT,10000NFTUSDT,0.02,-3.7,-3.37,2.74,5
1128,USDCUSDT,STORJUSDT,0.04,-3.39,-3.37,3.32,5
1120,USDCUSDT,LUNA2USDT,0.0,-4.12,-3.37,0.6,5
153,ADAUSDT,ENJUSDT,0.04,-3.45,-3.37,1.05,5
18,10000NFTUSDT,DOTUSDT,0.03,-3.48,-3.37,0.0,5
1132,USDCUSDT,WOOUSDT,0.0,-4.25,-3.37,5.82,5
1143,WAVESUSDT,CROUSDT,0.04,-3.41,-3.37,26.8,5
1142,WAVESUSDT,CREAMUSDT,0.01,-3.81,-3.37,0.15,5
1160,WOOUSDT,APTUSDT,0.01,-3.98,-3.37,0.03,5
1118,USDCUSDT,LPTUSDT,0.04,-3.38,-3.37,0.19,5
1140,WAVESUSDT,CELUSDT,0.01,-3.83,-3.37,3.19,5
1137,WAVESUSDT,ASTRUSDT,0.02,-3.76,-3.37,42.8,5
1036,TRXUSDT,FTMUSDT,0.01,-3.85,-3.37,0.21,5
1087,UNIUSDT,OPUSDT,0.01,-3.93,-3.37,4.18,5
161,ADAUSDT,FTMUSDT,0.02,-3.75,-3.37,1.19,5
1187,ZENUSDT,ASTRUSDT,0.0,-4.51,-3.37,221.6,5
1103,USDCUSDT,DARUSDT,0.03,-3.5,-3.37,7.1,5
1023,TRXUSDT,BNBUSDT,0.0,-4.12,-3.37,0.0,5
1019,TRXUSDT,AXSUSDT,0.0,-5.0,-3.37,0.01,5
1200,ZENUSDT,ONEUSDT,0.02,-3.74,-3.37,657.9,5
1201,ZENUSDT,OPUSDT,0.0,-4.87,-3.37,6.47,5
26,10000NFTUSDT,GLMRUSDT,0.0,-4.12,-3.37,0.01,5
1096,USDCUSDT,AUDIOUSDT,0.04,-3.46,-3.37,5.94,5
1098,USDCUSDT,CELRUSDT,0.04,-3.4,-3.37,83.08,5
19,10000NFTUSDT,EGLDUSDT,0.0,-4.23,-3.37,0.0,5
1099,USDCUSDT,CREAMUSDT,0.03,-3.5,-3.37,0.08,5
39,10000NFTUSDT,QTUMUSDT,0.01,-3.77,-3.37,0.0,5
647,SCUSDT,CRVUSDT,0.01,-3.89,-3.37,0.0,5
296,CKBUSDT,ALGOUSDT,0.0,-4.18,-3.37,0.01,5
442,INJUSDT,AAVEUSDT,0.0,-5.68,-3.37,0.02,5
778,SNXUSDT,ASTRUSDT,0.0,-4.65,-3.37,44.69,5
491,LTCUSDT,DYDXUSDT,0.04,-3.47,-3.37,59.84,5
782,SNXUSDT,BLZUSDT,0.01,-3.98,-3.37,32.01,5
463,LINAUSDT,ALICEUSDT,0.0,-5.08,-3.37,0.0,5
800,SNXUSDT,FLOWUSDT,0.03,-3.57,-3.37,2.12,5
803,SNXUSDT,GMTUSDT,0.01,-4.05,-3.37,5.01,5
444,IOSTUSDT,1000BTTUSDT,0.0,-5.06,-3.37,12.29,5
830,SOLUSDT,GMTUSDT,0.0,-5.38,-3.37,49.28,5
521,PAXGUSDT,AGLDUSDT,0.03,-3.58,-3.37,6368.79,5
411,DUSKUSDT,AAVEUSDT,0.04,-3.39,-3.37,0.0,5
871,SUNUSDT,FTMUSDT,0.01,-4.1,-3.37,0.02,5
879,SUNUSDT,MATICUSDT,0.02,-3.71,-3.37,0.01,5
380,CKBUSDT,LINKUSDT,0.01,-3.91,-3.37,0.0,5
885,SWEATUSDT,AXSUSDT,0.03,-3.48,-3.37,0.0,5
886,SWEATUSDT,BCHUSDT,0.03,-3.49,-3.37,0.0,5
366,CKBUSDT,ILVUSDT,0.0,-4.39,-3.37,0.0,5
770,SNXUSDT,AAVEUSDT,0.02,-3.62,-3.37,0.03,5
532,REQUSDT,CELRUSDT,0.01,-3.79,-3.37,7.84,5
347,CKBUSDT,ETHUSDT,0.0,-4.67,-3.37,0.0,5
707,SFPUSDT,RNDRUSDT,0.02,-3.66,-3.37,0.87,5
666,SCUSDT,JASMYUSDT,0.02,-3.69,-3.37,0.61,5
618,SANDUSDT,RSS3USDT,0.02,-3.71,-3.37,4.93,5
617,SANDUSDT,ROSEUSDT,0.0,-4.37,-3.37,13.36,5
604,SANDUSDT,GMTUSDT,0.01,-3.93,-3.37,1.52,5
603,SANDUSDT,GALUSDT,0.01,-3.91,-3.37,0.42,5
696,SFPUSDT,CRVUSDT,0.03,-3.59,-3.37,0.6,5
594,SANDUSDT,ARUSDT,0.03,-3.47,-3.37,0.07,5
588,RUNEUSDT,NEOUSDT,0.0,-4.43,-3.37,0.22,5
538,REQUSDT,HNTUSDT,0.03,-3.48,-3.37,0.04,5
587,RUNEUSDT,NEARUSDT,0.02,-3.73,-3.37,0.83,5
730,SHIB1000USDT,BANDUSDT,0.04,-3.41,-3.37,0.01,5
560,RUNEUSDT,ALGOUSDT,0.0,-4.73,-3.37,7.33,5
558,RUNEUSDT,AGLDUSDT,0.0,-4.53,-3.37,5.31,5
547,REQUSDT,SXPUSDT,0.03,-3.5,-3.37,0.39,5
743,SHIB1000USDT,CRVUSDT,0.02,-3.62,-3.37,0.01,5
539,REQUSDT,KSMUSDT,0.03,-3.49,-3.37,0.0,5
352,CKBUSDT,FLOWUSDT,0.0,-4.42,-3.37,0.0,5
613,SANDUSDT,LRCUSDT,0.03,-3.49,-3.37,2.41,5
345,CKBUSDT,EOSUSDT,0.01,-3.79,-3.37,0.0,5
312,CKBUSDT,BCHUSDT,0.0,-4.58,-3.37,0.0,5
926,SXPUSDT,FLOWUSDT,0.01,-3.95,-3.37,0.27,5
346,CKBUSDT,ETCUSDT,0.02,-3.64,-3.37,0.0,5
251,BITUSDT,MASKUSDT,0.03,-3.53,-3.37,0.22,4
327,CKBUSDT,COMPUSDT,0.0,-4.46,-3.37,0.0,4
320,CKBUSDT,BTCUSDT,0.0,-4.82,-3.37,0.0,4
310,CKBUSDT,BANDUSDT,0.01,-3.97,-3.37,0.0,4
249,BITUSDT,CTKUSDT,0.02,-3.76,-3.37,0.77,4
110,ADAUSDT,ALICEUSDT,0.0,-4.37,-3.37,0.25,4
171,ADAUSDT,ICPUSDT,0.04,-3.45,-3.37,0.07,4
394,CKBUSDT,OGNUSDT,0.0,-4.2,-3.37,0.03,4
391,CKBUSDT,NEARUSDT,0.0,-4.59,-3.37,0.0,4
324,CKBUSDT,CELRUSDT,0.0,-4.64,-3.37,0.26,4
253,BITUSDT,ZECUSDT,0.02,-3.75,-3.37,0.01,4
125,ADAUSDT,BCHUSDT,0.01,-3.78,-3.37,0.0,4
250,BITUSDT,DUSKUSDT,0.01,-3.86,-3.37,6.16,4
1218,ZILUSDT,KNCUSDT,0.04,-3.45,-3.37,0.04,4
252,BITUSDT,TWTUSDT,0.0,-4.17,-3.37,0.4,4
363,CKBUSDT,HOTUSDT,0.0,-4.51,-3.37,1.86,4
359,CKBUSDT,GRTUSDT,0.0,-4.12,-3.37,0.04,4
364,CKBUSDT,ICPUSDT,0.0,-4.28,-3.37,0.0,4
771,SNXUSDT,ACHUSDT,0.0,-4.9,-3.37,220.3,3
1150,WAVESUSDT,IOTAUSDT,0.02,-3.62,-3.37,9.26,3
1152,WAVESUSDT,KDAUSDT,0.0,-4.85,-3.37,1.81,3
1095,USDCUSDT,APTUSDT,0.04,-3.38,-3.37,0.16,3
1153,WAVESUSDT,LINAUSDT,0.02,-3.64,-3.37,307.22,3
1158,WAVESUSDT,REEFUSDT,0.0,-4.48,-3.37,668.2,3
1138,WAVESUSDT,BLZUSDT,0.03,-3.57,-3.37,30.72,3
115,ADAUSDT,APTUSDT,0.04,-3.47,-3.37,0.05,3
1124,USDCUSDT,QNTUSDT,0.01,-3.98,-3.37,0.01,3
1159,WAVESUSDT,RSRUSDT,0.02,-3.68,-3.37,512.88,3
557,RUNEUSDT,ACHUSDT,0.0,-4.29,-3.37,181.57,3
1126,USDCUSDT,RSRUSDT,0.04,-3.47,-3.37,280.81,3
82,1000XECUSDT,IOTAUSDT,0.0,-4.17,-3.37,0.14,3
76,1000XECUSDT,FTMUSDT,0.01,-3.78,-3.37,0.1,3
493,LTCUSDT,IMXUSDT,0.04,-3.47,-3.37,162.79,3
950,TRBUSDT,APTUSDT,0.0,-4.45,-3.37,2.23,3
819,SNXUSDT,MANAUSDT,0.0,-4.69,-3.37,3.87,3
1002,TRBUSDT,OPUSDT,0.01,-3.88,-3.37,9.66,3
1149,WAVESUSDT,ICXUSDT,0.01,-3.83,-3.37,10.64,3
1139,WAVESUSDT,BOBAUSDT,0.03,-3.55,-3.37,9.44,3
481,LTCUSDT,BAKEUSDT,0.04,-3.41,-3.37,535.31,3
1116,USDCUSDT,LINAUSDT,0.04,-3.46,-3.37,168.31,3
759,SHIB1000USDT,HNTUSDT,0.01,-3.85,-3.37,0.0,3
1136,WAVESUSDT,ALGOUSDT,0.02,-3.74,-3.37,8.54,3
531,REQUSDT,APTUSDT,0.03,-3.47,-3.37,0.01,3
1135,WAVESUSDT,ACHUSDT,0.01,-3.99,-3.37,211.32,3
1111,USDCUSDT,HNTUSDT,0.03,-3.51,-3.37,0.42,3
1110,USDCUSDT,GRTUSDT,0.02,-3.71,-3.37,13.3,3
1109,USDCUSDT,GALUSDT,0.04,-3.39,-3.37,0.74,3
1146,WAVESUSDT,GLMRUSDT,0.02,-3.67,-3.37,5.08,3
562,RUNEUSDT,ASTRUSDT,0.04,-3.4,-3.37,36.83,3
1106,USDCUSDT,ETHWUSDT,0.01,-3.88,-3.37,0.28,3
985,TRBUSDT,HNTUSDT,0.0,-4.55,-3.37,6.0,3
1104,USDCUSDT,DGBUSDT,0.02,-3.64,-3.37,108.55,3
799,SNXUSDT,FLMUSDT,0.04,-3.44,-3.37,21.94,3
797,SNXUSDT,ETHWUSDT,0.0,-4.27,-3.37,0.54,3
1105,USDCUSDT,ENJUSDT,0.03,-3.52,-3.37,3.19,3
31,10000NFTUSDT,ICPUSDT,0.01,-3.79,-3.37,0.0,3
195,ADAUSDT,NEARUSDT,0.02,-3.75,-3.37,0.18,3
30,10000NFTUSDT,HNTUSDT,0.0,-4.91,-3.37,0.0,3
606,SANDUSDT,GTCUSDT,0.03,-3.58,-3.37,0.38,3
873,SUNUSDT,HNTUSDT,0.04,-3.38,-3.37,0.0,3
608,SANDUSDT,INJUSDT,0.04,-3.46,-3.37,0.38,3
183,ADAUSDT,KNCUSDT,0.03,-3.53,-3.37,0.54,3
610,SANDUSDT,KDAUSDT,0.0,-4.97,-3.37,0.57,3
20,10000NFTUSDT,ENJUSDT,0.0,-4.25,-3.37,0.01,3
674,SCUSDT,ONEUSDT,0.0,-4.18,-3.37,0.18,3
237,AVAXUSDT,PAXGUSDT,0.03,-3.56,-3.37,0.01,3
1055,TWTUSDT,ALICEUSDT,0.0,-4.84,-3.37,1.13,3
15,10000NFTUSDT,DARUSDT,0.0,-4.19,-3.37,0.03,3
14,10000NFTUSDT,CROUSDT,0.0,-4.27,-3.37,0.06,3
10,10000NFTUSDT,BELUSDT,0.04,-3.4,-3.37,0.01,3
660,SCUSDT,HNTUSDT,0.02,-3.74,-3.37,0.0,3
8,10000NFTUSDT,AXSUSDT,0.04,-3.44,-3.37,0.0,3
655,SCUSDT,FTMUSDT,0.01,-3.99,-3.37,0.01,3
907,SXPUSDT,APTUSDT,0.0,-4.49,-3.37,0.04,3
910,SXPUSDT,AXSUSDT,0.04,-3.44,-3.37,0.03,3
339,CKBUSDT,DOTUSDT,0.0,-4.4,-3.37,0.0,3
1076,UNIUSDT,DOTUSDT,0.04,-3.38,-3.37,1.15,3
860,SUNUSDT,BTCUSDT,0.0,-4.22,-3.37,0.0,3
35,10000NFTUSDT,MATICUSDT,0.02,-3.61,-3.37,0.0,3
1080,UNIUSDT,FTMUSDT,0.0,-4.37,-3.37,21.97,3
59,10000NFTUSDT,ZRXUSDT,0.0,-4.47,-3.37,0.02,3
722,SHIB1000USDT,APTUSDT,0.01,-3.82,-3.37,0.0,3
578,RUNEUSDT,FTMUSDT,0.0,-4.93,-3.37,5.65,3
583,RUNEUSDT,HNTUSDT,0.0,-4.13,-3.37,0.67,3
53,10000NFTUSDT,XEMUSDT,0.04,-3.47,-3.37,0.13,3
585,RUNEUSDT,KDAUSDT,0.03,-3.5,-3.37,1.55,3
50,10000NFTUSDT,TOMOUSDT,0.01,-4.01,-3.37,0.01,3
272,CELOUSDT,QNTUSDT,0.0,-5.52,-3.37,0.0,3
592,SANDUSDT,ALGOUSDT,0.04,-3.44,-3.37,2.68,3
41,10000NFTUSDT,RENUSDT,0.03,-3.51,-3.37,0.06,3
38,10000NFTUSDT,OPUSDT,0.01,-3.95,-3.37,0.0,3
596,SANDUSDT,BLZUSDT,0.02,-3.74,-3.37,9.65,3
37,10000NFTUSDT,ONEUSDT,0.0,-4.83,-3.37,0.3,3
36,10000NFTUSDT,NEARUSDT,0.01,-4.0,-3.37,0.0,3
169,ADAUSDT,HNTUSDT,0.02,-3.73,-3.37,0.14,3
298,CKBUSDT,ALPHAUSDT,0.0,-4.39,-3.37,0.03,2
307,CKBUSDT,AXSUSDT,0.0,-4.14,-3.37,0.0,2
323,CKBUSDT,CELOUSDT,0.0,-4.34,-3.37,0.01,2
297,CKBUSDT,ALICEUSDT,0.0,-4.44,-3.37,0.0,2
304,CKBUSDT,ARUSDT,0.01,-3.98,-3.37,0.0,2
315,CKBUSDT,BITUSDT,0.0,-4.87,-3.37,0.0,2
349,CKBUSDT,FILUSDT,0.01,-3.87,-3.37,0.0,2
333,CKBUSDT,CVXUSDT,0.0,-4.48,-3.37,0.0,2
149,ADAUSDT,DOTUSDT,0.01,-3.77,-3.37,0.06,2
371,CKBUSDT,JASMYUSDT,0.0,-4.48,-3.37,0.72,2
377,CKBUSDT,KSMUSDT,0.0,-4.45,-3.37,0.0,2
365,CKBUSDT,ICXUSDT,0.0,-4.38,-3.37,0.02,2
330,CKBUSDT,CROUSDT,0.0,-4.62,-3.37,0.05,2
343,CKBUSDT,ENJUSDT,0.01,-4.09,-3.37,0.01,2
361,CKBUSDT,HBARUSDT,0.01,-3.95,-3.37,0.07,2
483,LTCUSDT,BITUSDT,0.04,-3.44,-3.37,52.71,2
376,CKBUSDT,KNCUSDT,0.0,-4.4,-3.37,0.01,2
1196,ZENUSDT,GMTUSDT,0.0,-4.25,-3.37,24.81,1
1192,ZENUSDT,COMPUSDT,0.0,-4.48,-3.37,0.23,1
692,SFPUSDT,APTUSDT,0.03,-3.53,-3.37,0.07,1
601,SANDUSDT,ENSUSDT,0.0,-4.13,-3.37,0.04,1
396,COMPUSDT,ACHUSDT,0.03,-3.5,-3.37,4783.34,1
397,COMPUSDT,ASTRUSDT,0.01,-3.92,-3.37,969.02,1
602,SANDUSDT,ETHWUSDT,0.0,-5.93,-3.37,0.16,1
1127,USDCUSDT,SNXUSDT,0.03,-3.59,-3.37,0.53,1
1063,UNIUSDT,AXSUSDT,0.0,-4.73,-3.37,0.75,1
386,CKBUSDT,MANAUSDT,0.0,-4.54,-3.37,0.01,1
164,ADAUSDT,GMTUSDT,0.03,-3.48,-3.37,0.86,1
846,STMXUSDT,ASTRUSDT,0.02,-3.66,-3.37,0.1,1
400,CRVUSDT,10000NFTUSDT,0.01,-3.8,-3.37,162.97,1
595,SANDUSDT,ASTRUSDT,0.0,-4.39,-3.37,13.45,1
963,TRBUSDT,CRVUSDT,0.0,-4.27,-3.37,19.67,1
401,CRVUSDT,1000LUNCUSDT,0.03,-3.59,-3.37,4.19,1
42,10000NFTUSDT,RNDRUSDT,0.02,-3.66,-3.37,0.01,1
700,SFPUSDT,GMTUSDT,0.04,-3.42,-3.37,1.12,1
597,SANDUSDT,BOBAUSDT,0.03,-3.57,-3.37,2.96,1
867,SUNUSDT,DOTUSDT,0.02,-3.68,-3.37,0.0,1
306,CKBUSDT,AVAXUSDT,0.0,-4.93,-3.37,0.0,1
864,SUNUSDT,CROUSDT,0.05,-3.37,-3.37,0.08,1
5,10000NFTUSDT,ALICEUSDT,0.0,-5.32,-3.37,0.0,1
658,SCUSDT,GMTUSDT,0.01,-3.92,-3.37,0.01,1
362,CKBUSDT,HNTUSDT,0.0,-4.5,-3.37,0.0,1
225,APTUSDT,ACHUSDT,0.03,-3.55,-3.37,709.6,1
626,SCRTUSDT,APTUSDT,0.04,-3.38,-3.37,0.11,1
224,APTUSDT,1INCHUSDT,0.02,-3.6,-3.37,13.64,1
223,APTUSDT,1000LUNCUSDT,0.04,-3.38,-3.37,35.95,1
1215,ZILUSDT,GMTUSDT,0.04,-3.46,-3.37,0.06,1
670,SCUSDT,KNCUSDT,0.03,-3.55,-3.37,0.0,1
1038,TRXUSDT,GMTUSDT,0.02,-3.59,-3.37,0.15,1
302,CKBUSDT,APTUSDT,0.0,-4.79,-3.37,0.0,1
190,ADAUSDT,MANAUSDT,0.03,-3.48,-3.37,0.67,1
612,SANDUSDT,LINAUSDT,0.01,-3.91,-3.37,96.42,1
676,SCUSDT,OPUSDT,0.0,-4.2,-3.37,0.0,1
238,AVAXUSDT,XRPUSDT,0.01,-3.85,-3.37,39.51,1
704,SFPUSDT,MANAUSDT,0.03,-3.58,-3.37,0.87,1
865,SUNUSDT,CRVUSDT,0.03,-3.53,-3.37,0.01,1
402,CRVUSDT,ACHUSDT,0.02,-3.74,-3.37,82.64,1
839,STGUSDT,1000BTTUSDT,0.0,-4.66,-3.37,603.4,1
705,SFPUSDT,OPUSDT,0.04,-3.44,-3.37,0.29,1
540,REQUSDT,ONEUSDT,0.01,-3.83,-3.37,6.56,1
1097,USDCUSDT,CELOUSDT,0.0,-4.45,-3.37,1.7,1
452,KNCUSDT,ACHUSDT,0.01,-3.92,-3.37,70.54,1
1100,USDCUSDT,CRVUSDT,0.03,-3.52,-3.37,1.39,1
1101,USDCUSDT,CVCUSDT,0.01,-3.99,-3.37,11.15,1
1102,USDCUSDT,CVXUSDT,0.02,-3.75,-3.37,0.27,1
796,SNXUSDT,ENSUSDT,0.01,-4.04,-3.37,0.15,1
534,REQUSDT,CRVUSDT,0.01,-3.84,-3.37,0.13,1
645,SCUSDT,COMPUSDT,0.01,-3.85,-3.37,0.0,1
1113,USDCUSDT,IMXUSDT,0.02,-3.65,-3.37,1.94,1
524,PEOPLEUSDT,APTUSDT,0.02,-3.73,-3.37,0.0,1
787,SNXUSDT,COMPUSDT,0.02,-3.74,-3.37,0.05,1
1115,USDCUSDT,KDAUSDT,0.04,-3.38,-3.37,0.99,1
1117,USDCUSDT,LOOKSUSDT,0.0,-4.38,-3.37,5.63,1
480,LTCUSDT,AVAXUSDT,0.03,-3.59,-3.37,5.68,1
510,MANAUSDT,ACHUSDT,0.04,-3.41,-3.37,55.54,1
482,LTCUSDT,BCHUSDT,0.01,-3.81,-3.37,0.73,1
1121,USDCUSDT,MANAUSDT,0.03,-3.54,-3.37,2.01,1
1134,USDCUSDT,YGGUSDT,0.01,-4.05,-3.37,4.65,1
501,LTCUSDT,STGUSDT,0.04,-3.4,-3.37,204.09,1
331,CKBUSDT,CRVUSDT,0.01,-3.88,-3.37,0.0,1
1000,TRBUSDT,ONEUSDT,0.0,-4.19,-3.37,983.09,1
236,AVAXUSDT,MINAUSDT,0.01,-4.0,-3.37,28.54,1
542,REQUSDT,RNDRUSDT,0.03,-3.55,-3.37,0.19,1
591,SANDUSDT,ACHUSDT,0.0,-4.58,-3.37,66.37,1
962,TRBUSDT,COMPUSDT,0.04,-3.39,-3.37,0.34,1
838,SOLUSDT,ZENUSDT,0.04,-3.46,-3.37,1.95,1
837,SOLUSDT,SUSHIUSDT,0.01,-4.05,-3.37,15.84,1
836,SOLUSDT,SNXUSDT,0.0,-4.59,-3.37,9.69,1
142,ADAUSDT,CRVUSDT,0.01,-4.11,-3.37,0.46,1
930,SXPUSDT,HNTUSDT,0.02,-3.6,-3.37,0.1,1
834,SOLUSDT,IOTXUSDT,0.04,-3.39,-3.37,701.04,1
833,SOLUSDT,ICPUSDT,0.01,-3.95,-3.37,4.04,1
831,SOLUSDT,GRTUSDT,0.03,-3.47,-3.37,244.84,1
828,SOLUSDT,CELUSDT,0.03,-3.51,-3.37,32.12,1
827,SOLUSDT,BOBAUSDT,0.04,-3.47,-3.37,95.05,1
826,SOLUSDT,BANDUSDT,0.01,-4.0,-3.37,10.81,1
825,SOLUSDT,ASTRUSDT,0.0,-5.31,-3.37,431.13,1
824,SOLUSDT,ALICEUSDT,0.02,-3.71,-3.37,13.9,1
823,SOLUSDT,ACHUSDT,0.04,-3.41,-3.37,2128.54,1
821,SNXUSDT,NEOUSDT,0.03,-3.49,-3.37,0.26,1
421,FTMUSDT,1000BTTUSDT,0.02,-3.67,-3.37,404.52,1
545,REQUSDT,STGUSDT,0.02,-3.65,-3.37,0.23,1
1125,USDCUSDT,RNDRUSDT,0.04,-3.44,-3.37,2.03,1
